Date,Produit,Categorie,Region,Canal,Quantite,Prix_unitaire,Chiffre_affaires
2025-01-01,Chaussettes,Vetements,Pays-de-la-Loire,Boutique,5,7.50,37.50
2025-01-02,Tote bag,Accessoires,Bretagne,Boutique,9,8.50,76.50
2025-01-02,Tote bag,Accessoires,Ile-de-France,Boutique,3,8.50,25.50
2025-01-02,Mug ceramique,Maison,Normandie,Boutique,4,11.90,47.60
2025-01-02,Sweat a capuche,Vetements,Occitanie,Site web,3,39.90,119.70
2025-01-02,Mug ceramique,Maison,Provence-Alpes-Cote d'Azur,Boutique,5,11.90,59.50
2025-01-03,Sweat a capuche,Vetements,Normandie,Site web,7,39.90,279.30
2025-01-03,Carnet A5,Papeterie,Nouvelle-Aquitaine,Site web,3,6.90,20.70
2025-01-03,Gourde inox,Accessoires,Pays-de-la-Loire,Site web,2,12.00,24.00
2025-01-03,T-shirt logo,Vetements,Provence-Alpes-Cote d'Azur,Site web,4,19.90,79.60
2025-01-04,Chaussettes,Vetements,Auvergne-Rhone-Alpes,Boutique,10,7.50,75.00
2025-01-04,Gourde inox,Accessoires,Bretagne,Site web,1,12.00,12.00
2025-01-04,Sweat a capuche,Vetements,Grand Est,Boutique,4,39.90,159.60
2025-01-04,Sweat a capuche,Vetements,Grand Est,Site web,5,39.90,199.50
2025-01-04,Carnet A5,Papeterie,Ile-de-France,Site web,3,6.90,20.70
2025-01-04,Casquette,Accessoires,Ile-de-France,Boutique,1,14.50,14.50
2025-01-04,Gourde inox,Accessoires,Ile-de-France,Site web,6,12.00,72.00
2025-01-04,Gourde inox,Accessoires,Ile-de-France,Boutique,4,12.00,48.00
2025-01-04,Carnet A5,Papeterie,Normandie,Boutique,3,6.90,20.70
2025-01-04,Carnet A5,Papeterie,Pays-de-la-Loire,Site web,5,6.90,34.50
2025-01-04,Poster A2,Maison,Pays-de-la-Loire,Site web,5,9.90,49.50
2025-01-06,Mug ceramique,Maison,Corse,Site web,2,11.90,23.80
2025-01-06,Carnet A5,Papeterie,Normandie,Site web,5,6.90,34.50
2025-01-06,Mug ceramique,Maison,Nouvelle-Aquitaine,Site web,10,11.90,119.00
2025-01-07,Sweat a capuche,Vetements,Auvergne-Rhone-Alpes,Site web,6,39.90,239.40
2025-01-07,T-shirt logo,Vetements,Bourgogne-Franche-Comte,Boutique,4,19.90,79.60
2025-01-07,Poster A2,Maison,Centre-Val de Loire,Site web,8,9.90,79.20
2025-01-07,Gourde inox,Accessoires,Grand Est,Site web,4,12.00,48.00
2025-01-07,Gourde inox,Accessoires,Hauts-de-France,Boutique,7,12.00,84.00
2025-01-08,Stylo gel,Papeterie,Bretagne,Boutique,5,2.50,12.50
2025-01-08,Sweat a capuche,Vetements,Hauts-de-France,Site web,1,39.90,39.90
2025-01-08,Sweat a capuche,Vetements,Pays-de-la-Loire,Site web,3,39.90,119.70
2025-01-08,Poster A2,Maison,Provence-Alpes-Cote d'Azur,Boutique,6,9.90,59.40
2025-01-09,Gourde inox,Accessoires,Auvergne-Rhone-Alpes,Site web,8,12.00,96.00
2025-01-09,Carnet A5,Papeterie,Bretagne,Site web,8,6.90,55.20
2025-01-09,Gourde inox,Accessoires,Bretagne,Boutique,3,12.00,36.00
2025-01-09,Sweat a capuche,Vetements,Hauts-de-France,Site web,3,39.90,119.70
2025-01-09,Chaussettes,Vetements,Provence-Alpes-Cote d'Azur,Site web,5,7.50,37.50
2025-01-10,Casquette,Accessoires,Bretagne,Site web,3,14.50,43.50
2025-01-10,Poster A2,Maison,Bretagne,Site web,1,9.90,9.90
2025-01-10,Gourde inox,Accessoires,Centre-Val de Loire,Boutique,1,12.00,12.00
2025-01-10,Gourde inox,Accessoires,Occitanie,Site web,1,12.00,12.00
2025-01-10,Casquette,Accessoires,Pays-de-la-Loire,Site web,1,14.50,14.50
2025-01-10,Gourde inox,Accessoires,Pays-de-la-Loire,Site web,1,12.00,12.00
2025-01-11,Gourde inox,Accessoires,Pays-de-la-Loire,Boutique,6,12.00,72.00
2025-01-11,Gourde inox,Accessoires,Pays-de-la-Loire,Boutique,1,12.00,12.00
2025-01-11,Carnet A5,Papeterie,Provence-Alpes-Cote d'Azur,Site web,4,6.90,27.60
2025-01-12,Carnet A5,Papeterie,Bourgogne-Franche-Comte,Site web,4,6.90,27.60
2025-01-12,Mug ceramique,Maison,Bretagne,Site web,4,11.90,47.60
2025-01-12,Chaussettes,Vetements,Hauts-de-France,Site web,4,7.50,30.00
2025-01-12,Puzzle 100 pieces,Jouet,Normandie,Boutique,9,6.90,62.10
2025-01-12,T-shirt logo,Vetements,Nouvelle-Aquitaine,Boutique,3,19.90,59.70
2025-01-12,Mug ceramique,Maison,Occitanie,Site web,3,11.90,35.70
2025-01-12,Poster A2,Maison,Occitanie,Boutique,8,9.90,79.20
2025-01-13,Casquette,Accessoires,Auvergne-Rhone-Alpes,Site web,3,14.50,43.50
2025-01-13,Mug ceramique,Maison,Auvergne-Rhone-Alpes,Boutique,5,11.90,59.50
2025-01-13,Chaussettes,Vetements,Bretagne,Site web,5,7.50,37.50
2025-01-13,T-shirt logo,Vetements,Grand Est,Boutique,1,19.90,19.90
2025-01-13,Gourde inox,Accessoires,Ile-de-France,Boutique,1,12.00,12.00
2025-01-14,Mug ceramique,Maison,Corse,Boutique,3,11.90,35.70
2025-01-14,Mug ceramique,Maison,Grand Est,Site web,7,11.90,83.30
2025-01-14,Sweat a capuche,Vetements,Ile-de-France,Boutique,4,39.90,159.60
2025-01-14,Stylo gel,Papeterie,Nouvelle-Aquitaine,Boutique,4,2.50,10.00
2025-01-14,Stylo gel,Papeterie,Pays-de-la-Loire,Site web,3,2.50,7.50
2025-01-15,Tote bag,Accessoires,Nouvelle-Aquitaine,Site web,8,8.50,68.00
2025-01-16,Gourde inox,Accessoires,Bourgogne-Franche-Comte,Boutique,6,12.00,72.00
2025-01-16,Gourde inox,Accessoires,Bretagne,Site web,5,12.00,60.00
2025-01-16,Chaussettes,Vetements,Occitanie,Boutique,6,7.50,45.00
2025-01-17,Casquette,Accessoires,Bretagne,Site web,3,14.50,43.50
2025-01-17,Puzzle 100 pieces,Jouet,Hauts-de-France,Site web,1,6.90,6.90
2025-01-17,Puzzle 100 pieces,Jouet,Hauts-de-France,Site web,6,6.90,41.40
2025-01-17,Casquette,Accessoires,Ile-de-France,Site web,8,14.50,116.00
2025-01-17,Poster A2,Maison,Ile-de-France,Site web,3,9.90,29.70
2025-01-17,T-shirt logo,Vetements,Normandie,Site web,4,19.90,79.60
2025-01-17,Poster A2,Maison,Pays-de-la-Loire,Site web,3,9.90,29.70
2025-01-18,Poster A2,Maison,Auvergne-Rhone-Alpes,Site web,5,9.90,49.50
2025-01-18,Puzzle 100 pieces,Jouet,Bretagne,Site web,4,6.90,27.60
2025-01-18,T-shirt logo,Vetements,Ile-de-France,Boutique,4,19.90,79.60
2025-01-19,Mug ceramique,Maison,Bourgogne-Franche-Comte,Boutique,2,11.90,23.80
2025-01-19,Tote bag,Accessoires,Centre-Val de Loire,Site web,7,8.50,59.50
2025-01-20,Tote bag,Accessoires,Bretagne,Boutique,6,8.50,51.00
2025-01-20,Carnet A5,Papeterie,Centre-Val de Loire,Site web,3,6.90,20.70
2025-01-20,Tote bag,Accessoires,Corse,Boutique,4,8.50,34.00
2025-01-20,Gourde inox,Accessoires,Grand Est,Site web,7,12.00,84.00
2025-01-20,Poster A2,Maison,Hauts-de-France,Site web,1,9.90,9.90
2025-01-20,Chaussettes,Vetements,Ile-de-France,Boutique,7,7.50,52.50
2025-01-20,Gourde inox,Accessoires,Ile-de-France,Boutique,2,12.00,24.00
2025-01-21,Mug ceramique,Maison,Bourgogne-Franche-Comte,Site web,2,11.90,23.80
2025-01-21,Mug ceramique,Maison,Provence-Alpes-Cote d'Azur,Boutique,4,11.90,47.60
2025-01-21,T-shirt logo,Vetements,Provence-Alpes-Cote d'Azur,Site web,2,19.90,39.80
2025-01-22,Sweat a capuche,Vetements,Grand Est,Site web,1,39.90,39.90
2025-01-22,Casquette,Accessoires,Ile-de-France,Boutique,5,14.50,72.50
2025-01-22,Puzzle 100 pieces,Jouet,Ile-de-France,Site web,4,6.90,27.60
2025-01-22,Stylo gel,Papeterie,Normandie,Site web,1,2.50,2.50
2025-01-22,Stylo gel,Papeterie,Nouvelle-Aquitaine,Site web,2,2.50,5.00
2025-01-23,Poster A2,Maison,Auvergne-Rhone-Alpes,Boutique,6,9.90,59.40
2025-01-23,Puzzle 100 pieces,Jouet,Bretagne,Site web,5,6.90,34.50
2025-01-23,Casquette,Accessoires,Grand Est,Boutique,2,14.50,29.00
2025-01-23,Mug ceramique,Maison,Nouvelle-Aquitaine,Site web,7,11.90,83.30
2025-01-23,Mug ceramique,Maison,Occitanie,Boutique,5,11.90,59.50
2025-01-24,Poster A2,Maison,Centre-Val de Loire,Boutique,4,9.90,39.60
2025-01-24,Toupie en bois,Jouet,Corse,Boutique,1,2.50,2.50
2025-01-24,Mug ceramique,Maison,Provence-Alpes-Cote d'Azur,Site web,9,11.90,107.10
2025-01-24,Mug ceramique,Maison,Provence-Alpes-Cote d'Azur,Site web,5,11.90,59.50
2025-01-25,Poster A2,Maison,Auvergne-Rhone-Alpes,Boutique,4,9.90,39.60
2025-01-25,Toupie en bois,Jouet,Bourgogne-Franche-Comte,Boutique,5,2.50,12.50
2025-01-25,Carnet A5,Papeterie,Bretagne,Site web,1,6.90,6.90
2025-01-25,Casquette,Accessoires,Bretagne,Boutique,3,14.50,43.50
2025-01-25,Tote bag,Accessoires,Centre-Val de Loire,Site web,3,8.50,25.50
2025-01-26,Puzzle 100 pieces,Jouet,Auvergne-Rhone-Alpes,Boutique,2,6.90,13.80
2025-01-26,Sweat a capuche,Vetements,Auvergne-Rhone-Alpes,Site web,3,39.90,119.70
2025-01-26,Tote bag,Accessoires,Bretagne,Boutique,1,8.50,8.50
2025-01-26,Gourde inox,Accessoires,Grand Est,Boutique,3,12.00,36.00
2025-01-26,Toupie en bois,Jouet,Grand Est,Site web,5,2.50,12.50
2025-01-26,Tote bag,Accessoires,Nouvelle-Aquitaine,Site web,7,8.50,59.50
2025-01-26,Carnet A5,Papeterie,Occitanie,Boutique,2,6.90,13.80
2025-01-26,Poster A2,Maison,Pays-de-la-Loire,Site web,2,9.90,19.80
2025-01-27,Gourde inox,Accessoires,Auvergne-Rhone-Alpes,Boutique,1,12.00,12.00
2025-01-27,Mug ceramique,Maison,Auvergne-Rhone-Alpes,Site web,3,11.90,35.70
2025-01-27,Chaussettes,Vetements,Nouvelle-Aquitaine,Boutique,6,7.50,45.00
2025-01-28,Gourde inox,Accessoires,Bourgogne-Franche-Comte,Site web,1,12.00,12.00
2025-01-28,Poster A2,Maison,Provence-Alpes-Cote d'Azur,Site web,4,9.90,39.60
2025-01-29,Mug ceramique,Maison,Bourgogne-Franche-Comte,Site web,5,11.90,59.50
2025-01-29,Gourde inox,Accessoires,Hauts-de-France,Site web,4,12.00,48.00
2025-01-29,Sweat a capuche,Vetements,Hauts-de-France,Boutique,3,39.90,119.70
2025-01-29,T-shirt logo,Vetements,Hauts-de-France,Boutique,1,19.90,19.90
2025-01-29,Gourde inox,Accessoires,Pays-de-la-Loire,Boutique,5,12.00,60.00
2025-01-30,Gourde inox,Accessoires,Centre-Val de Loire,Boutique,5,12.00,60.00
2025-01-30,Tote bag,Accessoires,Hauts-de-France,Site web,3,8.50,25.50
2025-01-30,Chaussettes,Vetements,Ile-de-France,Site web,5,7.50,37.50
2025-01-31,Tote bag,Accessoires,Bourgogne-Franche-Comte,Boutique,5,8.50,42.50
2025-01-31,Puzzle 100 pieces,Jouet,Hauts-de-France,Site web,6,6.90,41.40
2025-01-31,Puzzle 100 pieces,Jouet,Ile-de-France,Boutique,9,6.90,62.10
2025-01-31,Carnet A5,Papeterie,Occitanie,Site web,2,6.90,13.80
2025-02-01,Chaussettes,Vetements,Bretagne,Site web,5,7.50,37.50
2025-02-01,Sweat a capuche,Vetements,Bretagne,Boutique,2,39.90,79.80
2025-02-01,Mug ceramique,Maison,Grand Est,Site web,4,11.90,47.60
2025-02-01,Stylo gel,Papeterie,Grand Est,Boutique,3,2.50,7.50
2025-02-01,Gourde inox,Accessoires,Ile-de-France,Boutique,3,12.00,36.00
2025-02-01,Poster A2,Maison,Pays-de-la-Loire,Site web,5,9.90,49.50
2025-02-02,Mug ceramique,Maison,Bretagne,Site web,1,11.90,11.90
2025-02-02,Stylo gel,Papeterie,Bretagne,Boutique,8,2.50,20.00
2025-02-02,Mug ceramique,Maison,Hauts-de-France,Site web,2,11.90,23.80
2025-02-02,Puzzle 100 pieces,Jouet,Hauts-de-France,Boutique,3,6.90,20.70
2025-02-02,Mug ceramique,Maison,Ile-de-France,Site web,5,11.90,59.50
2025-02-02,T-shirt logo,Vetements,Nouvelle-Aquitaine,Boutique,2,19.90,39.80
2025-02-02,T-shirt logo,Vetements,Pays-de-la-Loire,Site web,2,19.90,39.80
2025-02-02,Stylo gel,Papeterie,Provence-Alpes-Cote d'Azur,Boutique,2,2.50,5.00
2025-02-03,Carnet A5,Papeterie,Grand Est,Boutique,1,6.90,6.90
2025-02-03,Carnet A5,Papeterie,Pays-de-la-Loire,Boutique,7,6.90,48.30
2025-02-04,Toupie en bois,Jouet,Auvergne-Rhone-Alpes,Site web,1,2.50,2.50
2025-02-04,Casquette,Accessoires,Bretagne,Boutique,3,14.50,43.50
2025-02-05,Sweat a capuche,Vetements,Ile-de-France,Site web,3,39.90,119.70
2025-02-05,Tote bag,Accessoires,Ile-de-France,Site web,4,8.50,34.00
2025-02-05,Toupie en bois,Jouet,Provence-Alpes-Cote d'Azur,Boutique,3,2.50,7.50
2025-02-06,Casquette,Accessoires,Bourgogne-Franche-Comte,Boutique,6,14.50,87.00
2025-02-06,Gourde inox,Accessoires,Ile-de-France,Site web,2,12.00,24.00
2025-02-06,Gourde inox,Accessoires,Ile-de-France,Boutique,6,12.00,72.00
2025-02-06,Mug ceramique,Maison,Ile-de-France,Boutique,2,11.90,23.80
2025-02-06,Sweat a capuche,Vetements,Occitanie,Site web,5,39.90,199.50
2025-02-06,Sweat a capuche,Vetements,Occitanie,Site web,1,39.90,39.90
2025-02-06,T-shirt logo,Vetements,Occitanie,Boutique,10,19.90,199.00
2025-02-06,Stylo gel,Papeterie,Pays-de-la-Loire,Boutique,1,2.50,2.50
2025-02-07,Mug ceramique,Maison,Bourgogne-Franche-Comte,Site web,1,11.90,11.90
2025-02-07,Carnet A5,Papeterie,Provence-Alpes-Cote d'Azur,Boutique,7,6.90,48.30
2025-02-08,Mug ceramique,Maison,Auvergne-Rhone-Alpes,Site web,2,11.90,23.80
2025-02-08,Sweat a capuche,Vetements,Auvergne-Rhone-Alpes,Site web,4,39.90,159.60
2025-02-08,Sweat a capuche,Vetements,Grand Est,Boutique,1,39.90,39.90
2025-02-09,Poster A2,Maison,Bretagne,Site web,2,9.90,19.80
2025-02-09,Tote bag,Accessoires,Corse,Boutique,3,8.50,25.50
2025-02-09,Casquette,Accessoires,Hauts-de-France,Site web,1,14.50,14.50
2025-02-09,Mug ceramique,Maison,Occitanie,Boutique,4,11.90,47.60
2025-02-09,Mug ceramique,Maison,Occitanie,Boutique,4,11.90,47.60
2025-02-10,Stylo gel,Papeterie,Auvergne-Rhone-Alpes,Site web,2,2.50,5.00
2025-02-10,Sweat a capuche,Vetements,Ile-de-France,Site web,1,39.90,39.90
2025-02-10,Stylo gel,Papeterie,Nouvelle-Aquitaine,Site web,3,2.50,7.50
2025-02-10,Gourde inox,Accessoires,Provence-Alpes-Cote d'Azur,Site web,2,12.00,24.00
2025-02-11,Mug ceramique,Maison,Bourgogne-Franche-Comte,Boutique,4,11.90,47.60
2025-02-11,Chaussettes,Vetements,Bretagne,Boutique,3,7.50,22.50
2025-02-11,T-shirt logo,Vetements,Hauts-de-France,Boutique,2,19.90,39.80
2025-02-11,Carnet A5,Papeterie,Nouvelle-Aquitaine,Boutique,4,6.90,27.60
2025-02-11,Mug ceramique,Maison,Nouvelle-Aquitaine,Site web,10,11.90,119.00
2025-02-11,Mug ceramique,Maison,Occitanie,Site web,3,11.90,35.70
2025-02-11,T-shirt logo,Vetements,Pays-de-la-Loire,Boutique,5,19.90,99.50
2025-02-11,Tote bag,Accessoires,Pays-de-la-Loire,Site web,5,8.50,42.50
2025-02-12,T-shirt logo,Vetements,Auvergne-Rhone-Alpes,Boutique,6,19.90,119.40
2025-02-12,Carnet A5,Papeterie,Bourgogne-Franche-Comte,Site web,5,6.90,34.50
2025-02-12,Sweat a capuche,Vetements,Corse,Site web,3,39.90,119.70
2025-02-12,Mug ceramique,Maison,Grand Est,Boutique,6,11.90,71.40
2025-02-12,Sweat a capuche,Vetements,Normandie,Site web,3,39.90,119.70
2025-02-12,Mug ceramique,Maison,Nouvelle-Aquitaine,Site web,5,11.90,59.50
2025-02-12,Carnet A5,Papeterie,Provence-Alpes-Cote d'Azur,Site web,1,6.90,6.90
2025-02-12,Poster A2,Maison,Provence-Alpes-Cote d'Azur,Boutique,1,9.90,9.90
2025-02-13,Gourde inox,Accessoires,Corse,Site web,1,12.00,12.00
2025-02-13,Sweat a capuche,Vetements,Hauts-de-France,Boutique,6,39.90,239.40
2025-02-13,Tote bag,Accessoires,Hauts-de-France,Site web,1,8.50,8.50
2025-02-13,Mug ceramique,Maison,Normandie,Site web,1,11.90,11.90
2025-02-14,Chaussettes,Vetements,Auvergne-Rhone-Alpes,Boutique,6,7.50,45.00
2025-02-14,Gourde inox,Accessoires,Centre-Val de Loire,Site web,5,12.00,60.00
2025-02-14,Chaussettes,Vetements,Ile-de-France,Boutique,6,7.50,45.00
2025-02-14,Gourde inox,Accessoires,Ile-de-France,Boutique,6,12.00,72.00
2025-02-14,Mug ceramique,Maison,Normandie,Site web,4,11.90,47.60
2025-02-15,Mug ceramique,Maison,Hauts-de-France,Boutique,3,11.90,35.70
2025-02-15,Carnet A5,Papeterie,Ile-de-France,Boutique,5,6.90,34.50
2025-02-16,T-shirt logo,Vetements,Bourgogne-Franche-Comte,Site web,5,19.90,99.50
2025-02-16,Carnet A5,Papeterie,Centre-Val de Loire,Boutique,4,6.90,27.60
2025-02-16,Carnet A5,Papeterie,Occitanie,Site web,4,6.90,27.60
2025-02-16,T-shirt logo,Vetements,Occitanie,Site web,2,19.90,39.80
2025-02-16,Chaussettes,Vetements,Provence-Alpes-Cote d'Azur,Boutique,8,7.50,60.00
2025-02-16,Gourde inox,Accessoires,Provence-Alpes-Cote d'Azur,Boutique,6,12.00,72.00
2025-02-17,Casquette,Accessoires,Bretagne,Site web,4,14.50,58.00
2025-02-17,Casquette,Accessoires,Hauts-de-France,Boutique,3,14.50,43.50
2025-02-17,Chaussettes,Vetements,Normandie,Site web,7,7.50,52.50
2025-02-17,Puzzle 100 pieces,Jouet,Occitanie,Boutique,1,6.90,6.90
2025-02-17,T-shirt logo,Vetements,Occitanie,Boutique,2,19.90,39.80
2025-02-18,Poster A2,Maison,Auvergne-Rhone-Alpes,Site web,2,9.90,19.80
2025-02-18,Sweat a capuche,Vetements,Auvergne-Rhone-Alpes,Site web,4,39.90,159.60
2025-02-18,Sweat a capuche,Vetements,Hauts-de-France,Site web,2,39.90,79.80
2025-02-18,T-shirt logo,Vetements,Hauts-de-France,Boutique,1,19.90,19.90
2025-02-18,Sweat a capuche,Vetements,Normandie,Site web,6,39.90,239.40
2025-02-18,Tote bag,Accessoires,Normandie,Site web,4,8.50,34.00
2025-02-18,Sweat a capuche,Vetements,Nouvelle-Aquitaine,Site web,6,39.90,239.40
2025-02-18,Mug ceramique,Maison,Provence-Alpes-Cote d'Azur,Site web,7,11.90,83.30
2025-02-19,Stylo gel,Papeterie,Grand Est,Site web,3,2.50,7.50
2025-02-19,Poster A2,Maison,Ile-de-France,Site web,1,9.90,9.90
2025-02-19,Tote bag,Accessoires,Nouvelle-Aquitaine,Site web,2,8.50,17.00
2025-02-19,Stylo gel,Papeterie,Occitanie,Boutique,6,2.50,15.00
2025-02-20,Casquette,Accessoires,Auvergne-Rhone-Alpes,Boutique,3,14.50,43.50
2025-02-20,Poster A2,Maison,Centre-Val de Loire,Boutique,3,9.90,29.70
2025-02-21,Mug ceramique,Maison,Grand Est,Boutique,5,11.90,59.50
2025-02-21,Mug ceramique,Maison,Ile-de-France,Site web,1,11.90,11.90
2025-02-21,Mug ceramique,Maison,Occitanie,Site web,4,11.90,47.60
2025-02-22,Casquette,Accessoires,Auvergne-Rhone-Alpes,Site web,4,14.50,58.00
2025-02-23,Casquette,Accessoires,Occitanie,Site web,1,14.50,14.50
2025-02-24,Casquette,Accessoires,Bretagne,Boutique,2,14.50,29.00
2025-02-24,Sweat a capuche,Vetements,Grand Est,Boutique,4,39.90,159.60
2025-02-24,Carnet A5,Papeterie,Provence-Alpes-Cote d'Azur,Site web,4,6.90,27.60
2025-02-25,Casquette,Accessoires,Auvergne-Rhone-Alpes,Boutique,4,14.50,58.00
2025-02-25,Carnet A5,Papeterie,Ile-de-France,Site web,2,6.90,13.80
2025-02-25,Tote bag,Accessoires,Pays-de-la-Loire,Site web,3,8.50,25.50
2025-02-26,Chaussettes,Vetements,Bretagne,Boutique,7,7.50,52.50
2025-02-26,Mug ceramique,Maison,Occitanie,Boutique,2,11.90,23.80
2025-02-27,Poster A2,Maison,Hauts-de-France,Site web,3,9.90,29.70
2025-02-27,Stylo gel,Papeterie,Hauts-de-France,Boutique,4,2.50,10.00
2025-02-27,Tote bag,Accessoires,Hauts-de-France,Site web,6,8.50,51.00
2025-02-27,Gourde inox,Accessoires,Pays-de-la-Loire,Boutique,7,12.00,84.00
2025-02-28,Poster A2,Maison,Bretagne,Boutique,6,9.90,59.40
2025-02-28,Puzzle 100 pieces,Jouet,Hauts-de-France,Site web,5,6.90,34.50
2025-02-28,Sweat a capuche,Vetements,Hauts-de-France,Boutique,9,39.90,359.10
2025-02-28,Tote bag,Accessoires,Provence-Alpes-Cote d'Azur,Site web,4,8.50,34.00
2025-03-01,Mug ceramique,Maison,Grand Est,Site web,5,11.90,59.50
2025-03-01,Chaussettes,Vetements,Normandie,Site web,6,7.50,45.00
2025-03-01,Carnet A5,Papeterie,Pays-de-la-Loire,Site web,5,6.90,34.50
2025-03-01,Chaussettes,Vetements,Pays-de-la-Loire,Site web,4,7.50,30.00
2025-03-02,Poster A2,Maison,Centre-Val de Loire,Site web,4,9.90,39.60
2025-03-03,Sweat a capuche,Vetements,Auvergne-Rhone-Alpes,Boutique,6,39.90,239.40
2025-03-03,Casquette,Accessoires,Centre-Val de Loire,Site web,9,14.50,130.50
2025-03-03,Chaussettes,Vetements,Nouvelle-Aquitaine,Site web,3,7.50,22.50
2025-03-03,Mug ceramique,Maison,Pays-de-la-Loire,Site web,2,11.90,23.80
2025-03-03,Sweat a capuche,Vetements,Pays-de-la-Loire,Site web,3,39.90,119.70
2025-03-03,Chaussettes,Vetements,Provence-Alpes-Cote d'Azur,Boutique,10,7.50,75.00
2025-03-04,Chaussettes,Vetements,Centre-Val de Loire,Boutique,7,7.50,52.50
2025-03-04,Poster A2,Maison,Occitanie,Boutique,2,9.90,19.80
2025-03-05,Carnet A5,Papeterie,Bourgogne-Franche-Comte,Boutique,3,6.90,20.70
2025-03-05,Tote bag,Accessoires,Bretagne,Site web,5,8.50,42.50
2025-03-05,Carnet A5,Papeterie,Grand Est,Boutique,2,6.90,13.80
2025-03-05,T-shirt logo,Vetements,Grand Est,Boutique,4,19.90,79.60
2025-03-06,Chaussettes,Vetements,Auvergne-Rhone-Alpes,Boutique,1,7.50,7.50
2025-03-06,Poster A2,Maison,Bretagne,Site web,8,9.90,79.20
2025-03-06,Gourde inox,Accessoires,Hauts-de-France,Boutique,7,12.00,84.00
2025-03-06,Chaussettes,Vetements,Provence-Alpes-Cote d'Azur,Site web,6,7.50,45.00
2025-03-07,Stylo gel,Papeterie,Hauts-de-France,Site web,4,2.50,10.00
2025-03-07,Carnet A5,Papeterie,Ile-de-France,Boutique,1,6.90,6.90
2025-03-07,Carnet A5,Papeterie,Pays-de-la-Loire,Boutique,3,6.90,20.70
2025-03-07,Chaussettes,Vetements,Provence-Alpes-Cote d'Azur,Boutique,2,7.50,15.00
2025-03-07,T-shirt logo,Vetements,Provence-Alpes-Cote d'Azur,Site web,8,19.90,159.20
2025-03-08,Stylo gel,Papeterie,Bourgogne-Franche-Comte,Site web,4,2.50,10.00
2025-03-08,Gourde inox,Accessoires,Centre-Val de Loire,Boutique,6,12.00,72.00
2025-03-08,Mug ceramique,Maison,Grand Est,Boutique,4,11.90,47.60
2025-03-08,T-shirt logo,Vetements,Grand Est,Site web,1,19.90,19.90
2025-03-09,Mug ceramique,Maison,Centre-Val de Loire,Site web,2,11.90,23.80
2025-03-09,Tote bag,Accessoires,Centre-Val de Loire,Boutique,8,8.50,68.00
2025-03-09,Sweat a capuche,Vetements,Grand Est,Boutique,4,39.90,159.60
2025-03-09,T-shirt logo,Vetements,Provence-Alpes-Cote d'Azur,Site web,4,19.90,79.60
2025-03-10,Sweat a capuche,Vetements,Grand Est,Site web,5,39.90,199.50
2025-03-10,Poster A2,Maison,Normandie,Site web,8,9.90,79.20
2025-03-10,Gourde inox,Accessoires,Nouvelle-Aquitaine,Site web,1,12.00,12.00
2025-03-10,Gourde inox,Accessoires,Nouvelle-Aquitaine,Site web,1,12.00,12.00
2025-03-11,Mug ceramique,Maison,Grand Est,Site web,2,11.90,23.80
2025-03-11,Mug ceramique,Maison,Hauts-de-France,Site web,6,11.90,71.40
2025-03-11,Mug ceramique,Maison,Hauts-de-France,Boutique,4,11.90,47.60
2025-03-11,T-shirt logo,Vetements,Normandie,Site web,7,19.90,139.30
2025-03-11,Poster A2,Maison,Pays-de-la-Loire,Site web,7,9.90,69.30
2025-03-12,Mug ceramique,Maison,Bourgogne-Franche-Comte,Site web,2,11.90,23.80
2025-03-12,Toupie en bois,Jouet,Centre-Val de Loire,Boutique,6,2.50,15.00
2025-03-12,Tote bag,Accessoires,Normandie,Site web,7,8.50,59.50
2025-03-13,Mug ceramique,Maison,Auvergne-Rhone-Alpes,Site web,2,11.90,23.80
2025-03-13,Carnet A5,Papeterie,Bretagne,Site web,6,6.90,41.40
2025-03-13,T-shirt logo,Vetements,Centre-Val de Loire,Site web,6,19.90,119.40
2025-03-13,Chaussettes,Vetements,Nouvelle-Aquitaine,Site web,6,7.50,45.00
2025-03-13,T-shirt logo,Vetements,Occitanie,Boutique,1,19.90,19.90
2025-03-13,Carnet A5,Papeterie,Pays-de-la-Loire,Boutique,6,6.90,41.40
2025-03-13,Casquette,Accessoires,Provence-Alpes-Cote d'Azur,Boutique,2,14.50,29.00
2025-03-14,Mug ceramique,Maison,Auvergne-Rhone-Alpes,Site web,1,11.90,11.90
2025-03-14,Tote bag,Accessoires,Bourgogne-Franche-Comte,Site web,2,8.50,17.00
2025-03-14,Mug ceramique,Maison,Bretagne,Boutique,5,11.90,59.50
2025-03-14,Mug ceramique,Maison,Hauts-de-France,Site web,7,11.90,83.30
2025-03-15,Carnet A5,Papeterie,Auvergne-Rhone-Alpes,Site web,3,6.90,20.70
2025-03-15,Sweat a capuche,Vetements,Auvergne-Rhone-Alpes,Site web,4,39.90,159.60
2025-03-15,T-shirt logo,Vetements,Bretagne,Boutique,9,19.90,179.10
2025-03-15,Gourde inox,Accessoires,Grand Est,Boutique,5,12.00,60.00
2025-03-15,Gourde inox,Accessoires,Hauts-de-France,Boutique,1,12.00,12.00
2025-03-15,Carnet A5,Papeterie,Nouvelle-Aquitaine,Boutique,3,6.90,20.70
2025-03-15,Gourde inox,Accessoires,Provence-Alpes-Cote d'Azur,Site web,1,12.00,12.00
2025-03-16,T-shirt logo,Vetements,Auvergne-Rhone-Alpes,Site web,8,19.90,159.20
2025-03-16,T-shirt logo,Vetements,Nouvelle-Aquitaine,Site web,3,19.90,59.70
2025-03-16,Sweat a capuche,Vetements,Occitanie,Boutique,1,39.90,39.90
2025-03-16,Carnet A5,Papeterie,Pays-de-la-Loire,Boutique,3,6.90,20.70
2025-03-16,Sweat a capuche,Vetements,Pays-de-la-Loire,Site web,6,39.90,239.40
2025-03-17,Casquette,Accessoires,Hauts-de-France,Site web,2,14.50,29.00
2025-03-17,Poster A2,Maison,Hauts-de-France,Site web,2,9.90,19.80
2025-03-17,Poster A2,Maison,Hauts-de-France,Site web,5,9.90,49.50
2025-03-17,T-shirt logo,Vetements,Hauts-de-France,Boutique,4,19.90,79.60
2025-03-17,Gourde inox,Accessoires,Occitanie,Boutique,6,12.00,72.00
2025-03-17,Carnet A5,Papeterie,Pays-de-la-Loire,Site web,5,6.90,34.50
2025-03-17,Tote bag,Accessoires,Pays-de-la-Loire,Site web,8,8.50,68.00
2025-03-18,Poster A2,Maison,Bretagne,Site web,3,9.90,29.70
2025-03-18,Puzzle 100 pieces,Jouet,Bretagne,Site web,1,6.90,6.90
2025-03-18,Carnet A5,Papeterie,Hauts-de-France,Site web,2,6.90,13.80
2025-03-18,Puzzle 100 pieces,Jouet,Nouvelle-Aquitaine,Site web,2,6.90,13.80
2025-03-18,Gourde inox,Accessoires,Occitanie,Site web,4,12.00,48.00
2025-03-18,Mug ceramique,Maison,Pays-de-la-Loire,Boutique,3,11.90,35.70
2025-03-18,Mug ceramique,Maison,Pays-de-la-Loire,Site web,4,11.90,47.60
2025-03-18,Poster A2,Maison,Provence-Alpes-Cote d'Azur,Boutique,5,9.90,49.50
2025-03-19,Gourde inox,Accessoires,Auvergne-Rhone-Alpes,Boutique,2,12.00,24.00
2025-03-19,Tote bag,Accessoires,Hauts-de-France,Boutique,1,8.50,8.50
2025-03-19,Tote bag,Accessoires,Ile-de-France,Boutique,4,8.50,34.00
2025-03-19,T-shirt logo,Vetements,Nouvelle-Aquitaine,Boutique,2,19.90,39.80
2025-03-20,Gourde inox,Accessoires,Pays-de-la-Loire,Boutique,3,12.00,36.00
2025-03-21,Stylo gel,Papeterie,Centre-Val de Loire,Site web,3,2.50,7.50
2025-03-21,Stylo gel,Papeterie,Ile-de-France,Boutique,5,2.50,12.50
2025-03-22,Chaussettes,Vetements,Bretagne,Site web,7,7.50,52.50
2025-03-22,T-shirt logo,Vetements,Bretagne,Boutique,7,19.90,139.30
2025-03-22,Tote bag,Accessoires,Bretagne,Site web,3,8.50,25.50
2025-03-22,Chaussettes,Vetements,Grand Est,Boutique,10,7.50,75.00
2025-03-22,Tote bag,Accessoires,Grand Est,Site web,2,8.50,17.00
2025-03-22,Poster A2,Maison,Provence-Alpes-Cote d'Azur,Boutique,1,9.90,9.90
2025-03-22,Tote bag,Accessoires,Provence-Alpes-Cote d'Azur,Site web,8,8.50,68.00
2025-03-23,Chaussettes,Vetements,Grand Est,Boutique,7,7.50,52.50
2025-03-23,T-shirt logo,Vetements,Grand Est,Site web,7,19.90,139.30
2025-03-23,Sweat a capuche,Vetements,Ile-de-France,Site web,5,39.90,199.50
2025-03-23,Carnet A5,Papeterie,Nouvelle-Aquitaine,Boutique,3,6.90,20.70
2025-03-23,Sweat a capuche,Vetements,Nouvelle-Aquitaine,Boutique,10,39.90,399.00
2025-03-23,Poster A2,Maison,Occitanie,Boutique,7,9.90,69.30
2025-03-23,Casquette,Accessoires,Pays-de-la-Loire,Site web,2,14.50,29.00
2025-03-23,Chaussettes,Vetements,Pays-de-la-Loire,Boutique,4,7.50,30.00
2025-03-24,Chaussettes,Vetements,Grand Est,Site web,1,7.50,7.50
2025-03-25,Casquette,Accessoires,Auvergne-Rhone-Alpes,Site web,4,14.50,58.00
2025-03-25,Stylo gel,Papeterie,Auvergne-Rhone-Alpes,Site web,2,2.50,5.00
2025-03-25,T-shirt logo,Vetements,Corse,Site web,5,19.90,99.50
2025-03-25,Tote bag,Accessoires,Grand Est,Site web,4,8.50,34.00
2025-03-25,Sweat a capuche,Vetements,Normandie,Boutique,7,39.90,279.30
2025-03-25,Sweat a capuche,Vetements,Provence-Alpes-Cote d'Azur,Site web,5,39.90,199.50
2025-03-26,Carnet A5,Papeterie,Grand Est,Site web,5,6.90,34.50
2025-03-26,Mug ceramique,Maison,Normandie,Site web,2,11.90,23.80
2025-03-26,T-shirt logo,Vetements,Normandie,Site web,1,19.90,19.90
2025-03-27,Carnet A5,Papeterie,Auvergne-Rhone-Alpes,Boutique,6,6.90,41.40
2025-03-27,Chaussettes,Vetements,Centre-Val de Loire,Boutique,2,7.50,15.00
2025-03-27,Gourde inox,Accessoires,Centre-Val de Loire,Site web,3,12.00,36.00
2025-03-27,Gourde inox,Accessoires,Provence-Alpes-Cote d'Azur,Boutique,4,12.00,48.00
2025-03-28,Mug ceramique,Maison,Bourgogne-Franche-Comte,Boutique,1,11.90,11.90
2025-03-28,Mug ceramique,Maison,Bourgogne-Franche-Comte,Boutique,1,11.90,11.90
2025-03-28,T-shirt logo,Vetements,Grand Est,Boutique,10,19.90,199.00
2025-03-28,Tote bag,Accessoires,Occitanie,Site web,1,8.50,8.50
2025-03-29,Gourde inox,Accessoires,Grand Est,Boutique,6,12.00,72.00
2025-03-29,Tote bag,Accessoires,Ile-de-France,Site web,6,8.50,51.00
2025-03-29,Poster A2,Maison,Normandie,Site web,2,9.90,19.80
2025-03-29,Mug ceramique,Maison,Pays-de-la-Loire,Site web,7,11.90,83.30
2025-03-30,Poster A2,Maison,Bretagne,Site web,1,9.90,9.90
2025-03-30,Sweat a capuche,Vetements,Occitanie,Boutique,2,39.90,79.80
2025-03-31,Puzzle 100 pieces,Jouet,Bourgogne-Franche-Comte,Site web,1,6.90,6.90
2025-03-31,Sweat a capuche,Vetements,Bourgogne-Franche-Comte,Site web,2,39.90,79.80
2025-03-31,Sweat a capuche,Vetements,Ile-de-France,Site web,2,39.90,79.80
2025-03-31,Casquette,Accessoires,Normandie,Boutique,7,14.50,101.50
2025-03-31,Carnet A5,Papeterie,Nouvelle-Aquitaine,Boutique,5,6.90,34.50
2025-03-31,Tote bag,Accessoires,Nouvelle-Aquitaine,Site web,5,8.50,42.50
2025-03-31,Mug ceramique,Maison,Pays-de-la-Loire,Site web,3,11.90,35.70
2025-04-01,Mug ceramique,Maison,Grand Est,Site web,6,11.90,71.40
2025-04-01,Tote bag,Accessoires,Hauts-de-France,Site web,5,8.50,42.50
2025-04-01,Tote bag,Accessoires,Hauts-de-France,Site web,3,8.50,25.50
2025-04-01,T-shirt logo,Vetements,Ile-de-France,Site web,1,19.90,19.90
2025-04-01,Sweat a capuche,Vetements,Occitanie,Boutique,5,39.90,199.50
2025-04-02,T-shirt logo,Vetements,Corse,Boutique,1,19.90,19.90
2025-04-02,Gourde inox,Accessoires,Grand Est,Site web,1,12.00,12.00
2025-04-02,T-shirt logo,Vetements,Grand Est,Boutique,2,19.90,39.80
2025-04-03,Casquette,Accessoires,Occitanie,Boutique,1,14.50,14.50
2025-04-04,Poster A2,Maison,Auvergne-Rhone-Alpes,Boutique,1,9.90,9.90
2025-04-04,Poster A2,Maison,Ile-de-France,Boutique,1,9.90,9.90
2025-04-04,Poster A2,Maison,Ile-de-France,Boutique,2,9.90,19.80
2025-04-04,Sweat a capuche,Vetements,Ile-de-France,Boutique,5,39.90,199.50
2025-04-04,Sweat a capuche,Vetements,Occitanie,Site web,6,39.90,239.40
2025-04-04,Mug ceramique,Maison,Provence-Alpes-Cote d'Azur,Site web,3,11.90,35.70
2025-04-05,Puzzle 100 pieces,Jouet,Auvergne-Rhone-Alpes,Boutique,4,6.90,27.60
2025-04-05,Sweat a capuche,Vetements,Nouvelle-Aquitaine,Site web,7,39.90,279.30
2025-04-05,Gourde inox,Accessoires,Pays-de-la-Loire,Site web,1,12.00,12.00
2025-04-05,T-shirt logo,Vetements,Provence-Alpes-Cote d'Azur,Boutique,2,19.90,39.80
2025-04-06,Tote bag,Accessoires,Auvergne-Rhone-Alpes,Site web,7,8.50,59.50
2025-04-06,Casquette,Accessoires,Centre-Val de Loire,Site web,4,14.50,58.00
2025-04-06,Chaussettes,Vetements,Corse,Site web,8,7.50,60.00
2025-04-06,Stylo gel,Papeterie,Grand Est,Site web,3,2.50,7.50
2025-04-06,Casquette,Accessoires,Ile-de-France,Boutique,3,14.50,43.50
2025-04-06,Sweat a capuche,Vetements,Nouvelle-Aquitaine,Site web,1,39.90,39.90
2025-04-06,Sweat a capuche,Vetements,Provence-Alpes-Cote d'Azur,Boutique,5,39.90,199.50
2025-04-07,Sweat a capuche,Vetements,Auvergne-Rhone-Alpes,Boutique,2,39.90,79.80
2025-04-07,Tote bag,Accessoires,Nouvelle-Aquitaine,Site web,3,8.50,25.50
2025-04-07,Tote bag,Accessoires,Occitanie,Site web,7,8.50,59.50
2025-04-07,Stylo gel,Papeterie,Pays-de-la-Loire,Site web,2,2.50,5.00
2025-04-08,Chaussettes,Vetements,Bretagne,Boutique,6,7.50,45.00
2025-04-08,Chaussettes,Vetements,Bretagne,Boutique,1,7.50,7.50
2025-04-08,Tote bag,Accessoires,Grand Est,Boutique,6,8.50,51.00
2025-04-08,Carnet A5,Papeterie,Normandie,Site web,2,6.90,13.80
2025-04-09,Casquette,Accessoires,Ile-de-France,Boutique,5,14.50,72.50
2025-04-09,T-shirt logo,Vetements,Nouvelle-Aquitaine,Site web,2,19.90,39.80
2025-04-09,Stylo gel,Papeterie,Occitanie,Site web,2,2.50,5.00
2025-04-09,Poster A2,Maison,Pays-de-la-Loire,Site web,5,9.90,49.50
2025-04-10,Poster A2,Maison,Ile-de-France,Boutique,3,9.90,29.70
2025-04-10,Gourde inox,Accessoires,Nouvelle-Aquitaine,Boutique,6,12.00,72.00
2025-04-10,Mug ceramique,Maison,Pays-de-la-Loire,Boutique,4,11.90,47.60
2025-04-11,Chaussettes,Vetements,Auvergne-Rhone-Alpes,Boutique,1,7.50,7.50
2025-04-11,Casquette,Accessoires,Bourgogne-Franche-Comte,Boutique,3,14.50,43.50
2025-04-11,Chaussettes,Vetements,Bretagne,Boutique,7,7.50,52.50
2025-04-11,T-shirt logo,Vetements,Nouvelle-Aquitaine,Site web,1,19.90,19.90
2025-04-11,Casquette,Accessoires,Pays-de-la-Loire,Site web,3,14.50,43.50
2025-04-11,Tote bag,Accessoires,Pays-de-la-Loire,Site web,1,8.50,8.50
2025-04-12,Mug ceramique,Maison,Bretagne,Site web,6,11.90,71.40
2025-04-12,Carnet A5,Papeterie,Corse,Site web,2,6.90,13.80
2025-04-12,Stylo gel,Papeterie,Pays-de-la-Loire,Site web,2,2.50,5.00
2025-04-13,Casquette,Accessoires,Auvergne-Rhone-Alpes,Boutique,6,14.50,87.00
2025-04-13,Carnet A5,Papeterie,Bretagne,Site web,1,6.90,6.90
2025-04-13,Carnet A5,Papeterie,Hauts-de-France,Site web,7,6.90,48.30
2025-04-13,Mug ceramique,Maison,Ile-de-France,Site web,3,11.90,35.70
2025-04-13,T-shirt logo,Vetements,Pays-de-la-Loire,Boutique,2,19.90,39.80
2025-04-14,Gourde inox,Accessoires,Auvergne-Rhone-Alpes,Site web,2,12.00,24.00
2025-04-14,Chaussettes,Vetements,Bretagne,Boutique,6,7.50,45.00
2025-04-14,Mug ceramique,Maison,Centre-Val de Loire,Site web,4,11.90,47.60
2025-04-14,Sweat a capuche,Vetements,Provence-Alpes-Cote d'Azur,Site web,6,39.90,239.40
2025-04-15,Carnet A5,Papeterie,Auvergne-Rhone-Alpes,Site web,1,6.90,6.90
2025-04-15,Tote bag,Accessoires,Occitanie,Boutique,4,8.50,34.00
2025-04-15,Chaussettes,Vetements,Provence-Alpes-Cote d'Azur,Site web,3,7.50,22.50
2025-04-16,Stylo gel,Papeterie,Bretagne,Boutique,3,2.50,7.50
2025-04-16,Sweat a capuche,Vetements,Centre-Val de Loire,Site web,1,39.90,39.90
2025-04-16,Sweat a capuche,Vetements,Hauts-de-France,Site web,1,39.90,39.90
2025-04-16,Carnet A5,Papeterie,Nouvelle-Aquitaine,Boutique,1,6.90,6.90
2025-04-16,Chaussettes,Vetements,Provence-Alpes-Cote d'Azur,Site web,2,7.50,15.00
2025-04-17,Sweat a capuche,Vetements,Auvergne-Rhone-Alpes,Site web,3,39.90,119.70
2025-04-17,Tote bag,Accessoires,Auvergne-Rhone-Alpes,Site web,1,8.50,8.50
2025-04-17,Stylo gel,Papeterie,Bretagne,Boutique,1,2.50,2.50
2025-04-17,Mug ceramique,Maison,Centre-Val de Loire,Site web,2,11.90,23.80
2025-04-17,Sweat a capuche,Vetements,Hauts-de-France,Site web,3,39.90,119.70
2025-04-17,Carnet A5,Papeterie,Ile-de-France,Site web,3,6.90,20.70
2025-04-17,Mug ceramique,Maison,Normandie,Boutique,3,11.90,35.70
2025-04-17,Sweat a capuche,Vetements,Normandie,Site web,3,39.90,119.70
2025-04-17,Carnet A5,Papeterie,Occitanie,Site web,1,6.90,6.90
2025-04-17,Gourde inox,Accessoires,Provence-Alpes-Cote d'Azur,Site web,1,12.00,12.00
2025-04-18,T-shirt logo,Vetements,Bourgogne-Franche-Comte,Site web,6,19.90,119.40
2025-04-18,Chaussettes,Vetements,Nouvelle-Aquitaine,Site web,2,7.50,15.00
2025-04-19,Carnet A5,Papeterie,Auvergne-Rhone-Alpes,Boutique,4,6.90,27.60
2025-04-19,Casquette,Accessoires,Bretagne,Site web,1,14.50,14.50
2025-04-19,Carnet A5,Papeterie,Normandie,Boutique,5,6.90,34.50
2025-04-19,Poster A2,Maison,Nouvelle-Aquitaine,Site web,6,9.90,59.40
2025-04-19,Gourde inox,Accessoires,Pays-de-la-Loire,Boutique,5,12.00,60.00
2025-04-19,Poster A2,Maison,Pays-de-la-Loire,Boutique,2,9.90,19.80
2025-04-20,Puzzle 100 pieces,Jouet,Auvergne-Rhone-Alpes,Site web,1,6.90,6.90
2025-04-20,Poster A2,Maison,Bretagne,Boutique,6,9.90,59.40
2025-04-20,Mug ceramique,Maison,Grand Est,Boutique,2,11.90,23.80
2025-04-20,Puzzle 100 pieces,Jouet,Grand Est,Site web,8,6.90,55.20
2025-04-20,Gourde inox,Accessoires,Hauts-de-France,Site web,7,12.00,84.00
2025-04-20,Casquette,Accessoires,Occitanie,Boutique,6,14.50,87.00
2025-04-21,Mug ceramique,Maison,Centre-Val de Loire,Site web,8,11.90,95.20
2025-04-21,Poster A2,Maison,Ile-de-France,Boutique,4,9.90,39.60
2025-04-21,Tote bag,Accessoires,Nouvelle-Aquitaine,Site web,3,8.50,25.50
2025-04-21,Chaussettes,Vetements,Pays-de-la-Loire,Site web,8,7.50,60.00
2025-04-21,Sweat a capuche,Vetements,Pays-de-la-Loire,Site web,7,39.90,279.30
2025-04-22,Puzzle 100 pieces,Jouet,Corse,Boutique,4,6.90,27.60
2025-04-22,Mug ceramique,Maison,Grand Est,Site web,4,11.90,47.60
2025-04-23,Gourde inox,Accessoires,Centre-Val de Loire,Boutique,2,12.00,24.00
2025-04-23,Sweat a capuche,Vetements,Nouvelle-Aquitaine,Boutique,2,39.90,79.80
2025-04-23,Tote bag,Accessoires,Nouvelle-Aquitaine,Site web,8,8.50,68.00
2025-04-23,Chaussettes,Vetements,Occitanie,Site web,5,7.50,37.50
2025-04-23,Carnet A5,Papeterie,Provence-Alpes-Cote d'Azur,Boutique,5,6.90,34.50
2025-04-24,Stylo gel,Papeterie,Bretagne,Site web,2,2.50,5.00
2025-04-24,Carnet A5,Papeterie,Grand Est,Site web,7,6.90,48.30
2025-04-24,Tote bag,Accessoires,Ile-de-France,Boutique,3,8.50,25.50
2025-04-24,Chaussettes,Vetements,Pays-de-la-Loire,Site web,5,7.50,37.50
2025-04-24,Tote bag,Accessoires,Pays-de-la-Loire,Boutique,4,8.50,34.00
2025-04-25,Poster A2,Maison,Auvergne-Rhone-Alpes,Boutique,4,9.90,39.60
2025-04-25,Puzzle 100 pieces,Jouet,Bourgogne-Franche-Comte,Site web,5,6.90,34.50
2025-04-25,Casquette,Accessoires,Bretagne,Boutique,3,14.50,43.50
2025-04-25,Mug ceramique,Maison,Provence-Alpes-Cote d'Azur,Boutique,2,11.90,23.80
2025-04-26,T-shirt logo,Vetements,Bourgogne-Franche-Comte,Site web,9,19.90,179.10
2025-04-26,T-shirt logo,Vetements,Bourgogne-Franche-Comte,Boutique,5,19.90,99.50
2025-04-26,Gourde inox,Accessoires,Bretagne,Boutique,2,12.00,24.00
2025-04-26,Poster A2,Maison,Bretagne,Site web,5,9.90,49.50
2025-04-26,Sweat a capuche,Vetements,Bretagne,Boutique,6,39.90,239.40
2025-04-26,Poster A2,Maison,Hauts-de-France,Site web,6,9.90,59.40
2025-04-26,Puzzle 100 pieces,Jouet,Hauts-de-France,Site web,2,6.90,13.80
2025-04-26,Mug ceramique,Maison,Normandie,Site web,1,11.90,11.90
2025-04-26,Chaussettes,Vetements,Nouvelle-Aquitaine,Boutique,7,7.50,52.50
2025-04-26,Puzzle 100 pieces,Jouet,Nouvelle-Aquitaine,Site web,8,6.90,55.20
2025-04-26,Sweat a capuche,Vetements,Provence-Alpes-Cote d'Azur,Boutique,2,39.90,79.80
2025-04-27,Mug ceramique,Maison,Ile-de-France,Boutique,4,11.90,47.60
2025-04-27,T-shirt logo,Vetements,Ile-de-France,Site web,6,19.90,119.40
2025-04-27,Gourde inox,Accessoires,Occitanie,Boutique,7,12.00,84.00
2025-04-27,Toupie en bois,Jouet,Pays-de-la-Loire,Site web,4,2.50,10.00
2025-04-27,T-shirt logo,Vetements,Provence-Alpes-Cote d'Azur,Site web,3,19.90,59.70
2025-04-28,T-shirt logo,Vetements,Auvergne-Rhone-Alpes,Site web,5,19.90,99.50
2025-04-28,Carnet A5,Papeterie,Bretagne,Boutique,2,6.90,13.80
2025-04-28,T-shirt logo,Vetements,Bretagne,Site web,2,19.90,39.80
2025-04-28,Tote bag,Accessoires,Normandie,Site web,6,8.50,51.00
2025-04-28,Puzzle 100 pieces,Jouet,Nouvelle-Aquitaine,Site web,8,6.90,55.20
2025-04-28,Tote bag,Accessoires,Provence-Alpes-Cote d'Azur,Site web,4,8.50,34.00
2025-04-29,Poster A2,Maison,Pays-de-la-Loire,Boutique,2,9.90,19.80
2025-04-30,Tote bag,Accessoires,Corse,Boutique,2,8.50,17.00
2025-04-30,Casquette,Accessoires,Hauts-de-France,Site web,5,14.50,72.50
2025-04-30,Chaussettes,Vetements,Hauts-de-France,Site web,7,7.50,52.50
2025-04-30,Chaussettes,Vetements,Provence-Alpes-Cote d'Azur,Site web,6,7.50,45.00
2025-05-01,Carnet A5,Papeterie,Bretagne,Boutique,2,6.90,13.80
2025-05-01,Tote bag,Accessoires,Bretagne,Site web,2,8.50,17.00
2025-05-01,Gourde inox,Accessoires,Grand Est,Site web,6,12.00,72.00
2025-05-01,Sweat a capuche,Vetements,Hauts-de-France,Site web,4,39.90,159.60
2025-05-01,Mug ceramique,Maison,Ile-de-France,Site web,2,11.90,23.80
2025-05-01,Sweat a capuche,Vetements,Normandie,Boutique,6,39.90,239.40
2025-05-01,Chaussettes,Vetements,Nouvelle-Aquitaine,Site web,5,7.50,37.50
2025-05-01,Chaussettes,Vetements,Occitanie,Site web,2,7.50,15.00
2025-05-02,Mug ceramique,Maison,Auvergne-Rhone-Alpes,Site web,7,11.90,83.30
2025-05-02,Tote bag,Accessoires,Bourgogne-Franche-Comte,Boutique,4,8.50,34.00
2025-05-02,T-shirt logo,Vetements,Grand Est,Site web,4,19.90,79.60
2025-05-02,Mug ceramique,Maison,Hauts-de-France,Site web,2,11.90,23.80
2025-05-02,Gourde inox,Accessoires,Occitanie,Site web,2,12.00,24.00
2025-05-02,Poster A2,Maison,Pays-de-la-Loire,Boutique,6,9.90,59.40
2025-05-02,Chaussettes,Vetements,Provence-Alpes-Cote d'Azur,Site web,3,7.50,22.50
2025-05-03,Poster A2,Maison,Auvergne-Rhone-Alpes,Site web,2,9.90,19.80
2025-05-03,Poster A2,Maison,Bretagne,Boutique,2,9.90,19.80
2025-05-03,Sweat a capuche,Vetements,Centre-Val de Loire,Boutique,4,39.90,159.60
2025-05-03,Carnet A5,Papeterie,Grand Est,Site web,2,6.90,13.80
2025-05-03,Tote bag,Accessoires,Occitanie,Site web,4,8.50,34.00
2025-05-03,Stylo gel,Papeterie,Provence-Alpes-Cote d'Azur,Site web,5,2.50,12.50
2025-05-04,Tote bag,Accessoires,Auvergne-Rhone-Alpes,Site web,5,8.50,42.50
2025-05-04,Chaussettes,Vetements,Bretagne,Site web,4,7.50,30.00
2025-05-04,Gourde inox,Accessoires,Bretagne,Site web,1,12.00,12.00
2025-05-04,T-shirt logo,Vetements,Hauts-de-France,Site web,4,19.90,79.60
2025-05-04,Carnet A5,Papeterie,Ile-de-France,Site web,6,6.90,41.40
2025-05-04,Carnet A5,Papeterie,Occitanie,Site web,10,6.90,69.00
2025-05-04,Sweat a capuche,Vetements,Occitanie,Site web,5,39.90,199.50
2025-05-04,Gourde inox,Accessoires,Provence-Alpes-Cote d'Azur,Site web,7,12.00,84.00
2025-05-05,Mug ceramique,Maison,Auvergne-Rhone-Alpes,Site web,1,11.90,11.90
2025-05-05,Stylo gel,Papeterie,Bretagne,Site web,6,2.50,15.00
2025-05-05,Sweat a capuche,Vetements,Bretagne,Site web,3,39.90,119.70
2025-05-05,Carnet A5,Papeterie,Centre-Val de Loire,Site web,5,6.90,34.50
2025-05-05,Sweat a capuche,Vetements,Ile-de-France,Boutique,6,39.90,239.40
2025-05-05,Chaussettes,Vetements,Occitanie,Site web,2,7.50,15.00
2025-05-05,Gourde inox,Accessoires,Occitanie,Boutique,1,12.00,12.00
2025-05-05,T-shirt logo,Vetements,Occitanie,Site web,6,19.90,119.40
2025-05-06,T-shirt logo,Vetements,Bourgogne-Franche-Comte,Site web,3,19.90,59.70
2025-05-06,Mug ceramique,Maison,Bretagne,Site web,3,11.90,35.70
2025-05-06,Chaussettes,Vetements,Ile-de-France,Site web,1,7.50,7.50
2025-05-06,Sweat a capuche,Vetements,Ile-de-France,Boutique,5,39.90,199.50
2025-05-06,Tote bag,Accessoires,Ile-de-France,Boutique,6,8.50,51.00
2025-05-06,Tote bag,Accessoires,Normandie,Boutique,2,8.50,17.00
2025-05-06,Mug ceramique,Maison,Nouvelle-Aquitaine,Boutique,4,11.90,47.60
2025-05-06,Puzzle 100 pieces,Jouet,Nouvelle-Aquitaine,Boutique,3,6.90,20.70
2025-05-07,Gourde inox,Accessoires,Auvergne-Rhone-Alpes,Boutique,4,12.00,48.00
2025-05-07,Chaussettes,Vetements,Bretagne,Boutique,5,7.50,37.50
2025-05-07,T-shirt logo,Vetements,Centre-Val de Loire,Boutique,3,19.90,59.70
2025-05-07,Sweat a capuche,Vetements,Corse,Boutique,3,39.90,119.70
2025-05-07,Tote bag,Accessoires,Normandie,Boutique,3,8.50,25.50
2025-05-07,Sweat a capuche,Vetements,Nouvelle-Aquitaine,Site web,4,39.90,159.60
2025-05-07,Tote bag,Accessoires,Nouvelle-Aquitaine,Site web,2,8.50,17.00
2025-05-08,Toupie en bois,Jouet,Bourgogne-Franche-Comte,Site web,3,2.50,7.50
2025-05-08,Carnet A5,Papeterie,Ile-de-France,Boutique,4,6.90,27.60
2025-05-09,Puzzle 100 pieces,Jouet,Auvergne-Rhone-Alpes,Boutique,4,6.90,27.60
2025-05-09,Gourde inox,Accessoires,Hauts-de-France,Boutique,8,12.00,96.00
2025-05-09,T-shirt logo,Vetements,Hauts-de-France,Boutique,3,19.90,59.70
2025-05-09,Carnet A5,Papeterie,Ile-de-France,Boutique,5,6.90,34.50
2025-05-10,Toupie en bois,Jouet,Auvergne-Rhone-Alpes,Site web,6,2.50,15.00
2025-05-10,Sweat a capuche,Vetements,Ile-de-France,Boutique,3,39.90,119.70
2025-05-10,Sweat a capuche,Vetements,Nouvelle-Aquitaine,Boutique,6,39.90,239.40
2025-05-10,Mug ceramique,Maison,Pays-de-la-Loire,Site web,2,11.90,23.80
2025-05-11,Gourde inox,Accessoires,Ile-de-France,Site web,9,12.00,108.00
2025-05-11,Carnet A5,Papeterie,Pays-de-la-Loire,Site web,4,6.90,27.60
2025-05-11,Casquette,Accessoires,Pays-de-la-Loire,Site web,4,14.50,58.00
2025-05-12,T-shirt logo,Vetements,Auvergne-Rhone-Alpes,Boutique,3,19.90,59.70
2025-05-12,Puzzle 100 pieces,Jouet,Bourgogne-Franche-Comte,Site web,1,6.90,6.90
2025-05-12,Poster A2,Maison,Grand Est,Boutique,7,9.90,69.30
2025-05-13,Stylo gel,Papeterie,Centre-Val de Loire,Boutique,4,2.50,10.00
2025-05-13,Poster A2,Maison,Grand Est,Boutique,5,9.90,49.50
2025-05-13,Casquette,Accessoires,Hauts-de-France,Boutique,3,14.50,43.50
2025-05-13,Sweat a capuche,Vetements,Ile-de-France,Boutique,7,39.90,279.30
2025-05-13,Stylo gel,Papeterie,Occitanie,Site web,1,2.50,2.50
2025-05-13,Gourde inox,Accessoires,Provence-Alpes-Cote d'Azur,Boutique,1,12.00,12.00
2025-05-14,Chaussettes,Vetements,Ile-de-France,Site web,1,7.50,7.50
2025-05-14,Chaussettes,Vetements,Ile-de-France,Boutique,3,7.50,22.50
2025-05-15,Poster A2,Maison,Hauts-de-France,Boutique,6,9.90,59.40
2025-05-15,Sweat a capuche,Vetements,Pays-de-la-Loire,Boutique,3,39.90,119.70
2025-05-16,Chaussettes,Vetements,Auvergne-Rhone-Alpes,Site web,6,7.50,45.00
2025-05-16,Sweat a capuche,Vetements,Centre-Val de Loire,Boutique,2,39.90,79.80
2025-05-16,Tote bag,Accessoires,Corse,Site web,6,8.50,51.00
2025-05-16,Mug ceramique,Maison,Occitanie,Boutique,4,11.90,47.60
2025-05-16,T-shirt logo,Vetements,Occitanie,Boutique,10,19.90,199.00
2025-05-16,Carnet A5,Papeterie,Provence-Alpes-Cote d'Azur,Site web,2,6.90,13.80
2025-05-17,Tote bag,Accessoires,Auvergne-Rhone-Alpes,Site web,2,8.50,17.00
2025-05-17,Poster A2,Maison,Bourgogne-Franche-Comte,Boutique,7,9.90,69.30
2025-05-17,Stylo gel,Papeterie,Ile-de-France,Site web,5,2.50,12.50
2025-05-17,Casquette,Accessoires,Provence-Alpes-Cote d'Azur,Boutique,3,14.50,43.50
2025-05-18,Casquette,Accessoires,Auvergne-Rhone-Alpes,Boutique,7,14.50,101.50
2025-05-18,Gourde inox,Accessoires,Bourgogne-Franche-Comte,Site web,7,12.00,84.00
2025-05-18,Sweat a capuche,Vetements,Grand Est,Site web,5,39.90,199.50
2025-05-18,Chaussettes,Vetements,Ile-de-France,Boutique,2,7.50,15.00
2025-05-18,Gourde inox,Accessoires,Ile-de-France,Boutique,4,12.00,48.00
2025-05-18,Mug ceramique,Maison,Ile-de-France,Boutique,6,11.90,71.40
2025-05-18,Poster A2,Maison,Ile-de-France,Boutique,8,9.90,79.20
2025-05-18,Chaussettes,Vetements,Occitanie,Site web,4,7.50,30.00
2025-05-18,Carnet A5,Papeterie,Pays-de-la-Loire,Site web,1,6.90,6.90
2025-05-18,Sweat a capuche,Vetements,Provence-Alpes-Cote d'Azur,Site web,4,39.90,159.60
2025-05-19,Sweat a capuche,Vetements,Auvergne-Rhone-Alpes,Site web,2,39.90,79.80
2025-05-19,T-shirt logo,Vetements,Bourgogne-Franche-Comte,Boutique,2,19.90,39.80
2025-05-19,Gourde inox,Accessoires,Bretagne,Site web,9,12.00,108.00
2025-05-19,Chaussettes,Vetements,Grand Est,Boutique,7,7.50,52.50
2025-05-19,T-shirt logo,Vetements,Hauts-de-France,Site web,1,19.90,19.90
2025-05-20,Mug ceramique,Maison,Bretagne,Site web,6,11.90,71.40
2025-05-20,Casquette,Accessoires,Grand Est,Site web,1,14.50,14.50
2025-05-20,Chaussettes,Vetements,Hauts-de-France,Boutique,8,7.50,60.00
2025-05-20,Gourde inox,Accessoires,Ile-de-France,Site web,6,12.00,72.00
2025-05-20,Toupie en bois,Jouet,Provence-Alpes-Cote d'Azur,Boutique,2,2.50,5.00
2025-05-21,Tote bag,Accessoires,Hauts-de-France,Boutique,5,8.50,42.50
2025-05-21,Carnet A5,Papeterie,Normandie,Site web,4,6.90,27.60
2025-05-21,Sweat a capuche,Vetements,Normandie,Boutique,5,39.90,199.50
2025-05-21,Tote bag,Accessoires,Normandie,Site web,3,8.50,25.50
2025-05-21,Sweat a capuche,Vetements,Occitanie,Site web,2,39.90,79.80
2025-05-21,Mug ceramique,Maison,Pays-de-la-Loire,Site web,6,11.90,71.40
2025-05-22,Tote bag,Accessoires,Auvergne-Rhone-Alpes,Boutique,2,8.50,17.00
2025-05-22,Tote bag,Accessoires,Bourgogne-Franche-Comte,Site web,2,8.50,17.00
2025-05-22,Puzzle 100 pieces,Jouet,Corse,Boutique,7,6.90,48.30
2025-05-22,Poster A2,Maison,Ile-de-France,Site web,3,9.90,29.70
2025-05-22,Tote bag,Accessoires,Pays-de-la-Loire,Boutique,4,8.50,34.00
2025-05-22,Tote bag,Accessoires,Pays-de-la-Loire,Site web,5,8.50,42.50
2025-05-23,Mug ceramique,Maison,Auvergne-Rhone-Alpes,Site web,10,11.90,119.00
2025-05-23,T-shirt logo,Vetements,Nouvelle-Aquitaine,Site web,3,19.90,59.70
2025-05-24,Sweat a capuche,Vetements,Auvergne-Rhone-Alpes,Site web,5,39.90,199.50
2025-05-24,Casquette,Accessoires,Provence-Alpes-Cote d'Azur,Boutique,1,14.50,14.50
2025-05-24,Casquette,Accessoires,Provence-Alpes-Cote d'Azur,Site web,7,14.50,101.50
2025-05-25,Poster A2,Maison,Bourgogne-Franche-Comte,Site web,3,9.90,29.70
2025-05-25,Tote bag,Accessoires,Bourgogne-Franche-Comte,Site web,1,8.50,8.50
2025-05-25,T-shirt logo,Vetements,Bretagne,Boutique,2,19.90,39.80
2025-05-25,T-shirt logo,Vetements,Centre-Val de Loire,Boutique,1,19.90,19.90
2025-05-25,T-shirt logo,Vetements,Occitanie,Site web,4,19.90,79.60
2025-05-26,Casquette,Accessoires,Bretagne,Site web,1,14.50,14.50
2025-05-26,Sweat a capuche,Vetements,Hauts-de-France,Site web,2,39.90,79.80
2025-05-26,Chaussettes,Vetements,Pays-de-la-Loire,Site web,6,7.50,45.00
2025-05-26,Tote bag,Accessoires,Provence-Alpes-Cote d'Azur,Site web,2,8.50,17.00
2025-05-27,Gourde inox,Accessoires,Bretagne,Site web,3,12.00,36.00
2025-05-27,Sweat a capuche,Vetements,Bretagne,Boutique,3,39.90,119.70
2025-05-27,Sweat a capuche,Vetements,Normandie,Boutique,4,39.90,159.60
2025-05-27,T-shirt logo,Vetements,Normandie,Site web,5,19.90,99.50
2025-05-27,Tote bag,Accessoires,Nouvelle-Aquitaine,Site web,6,8.50,51.00
2025-05-28,Sweat a capuche,Vetements,Bretagne,Site web,7,39.90,279.30
2025-05-28,Carnet A5,Papeterie,Grand Est,Boutique,4,6.90,27.60
2025-05-28,Mug ceramique,Maison,Hauts-de-France,Boutique,6,11.90,71.40
2025-05-28,Tote bag,Accessoires,Nouvelle-Aquitaine,Boutique,7,8.50,59.50
2025-05-28,Poster A2,Maison,Occitanie,Site web,4,9.90,39.60
2025-05-29,Mug ceramique,Maison,Auvergne-Rhone-Alpes,Site web,3,11.90,35.70
2025-05-29,Mug ceramique,Maison,Bretagne,Site web,5,11.90,59.50
2025-05-29,Chaussettes,Vetements,Centre-Val de Loire,Boutique,1,7.50,7.50
2025-05-29,T-shirt logo,Vetements,Occitanie,Boutique,4,19.90,79.60
2025-05-30,Tote bag,Accessoires,Ile-de-France,Site web,2,8.50,17.00
2025-05-30,Mug ceramique,Maison,Pays-de-la-Loire,Site web,10,11.90,119.00
2025-05-31,Casquette,Accessoires,Auvergne-Rhone-Alpes,Site web,3,14.50,43.50
2025-05-31,Mug ceramique,Maison,Bourgogne-Franche-Comte,Site web,5,11.90,59.50
2025-05-31,T-shirt logo,Vetements,Centre-Val de Loire,Site web,7,19.90,139.30
2025-05-31,T-shirt logo,Vetements,Centre-Val de Loire,Site web,3,19.90,59.70
2025-05-31,Puzzle 100 pieces,Jouet,Ile-de-France,Site web,10,6.90,69.00
2025-05-31,Sweat a capuche,Vetements,Ile-de-France,Boutique,5,39.90,199.50
2025-05-31,Gourde inox,Accessoires,Normandie,Site web,3,12.00,36.00
2025-05-31,Sweat a capuche,Vetements,Occitanie,Site web,6,39.90,239.40
2025-05-31,Sweat a capuche,Vetements,Pays-de-la-Loire,Boutique,3,39.90,119.70
2025-06-01,Puzzle 100 pieces,Jouet,Grand Est,Boutique,6,6.90,41.40
2025-06-01,Tote bag,Accessoires,Grand Est,Site web,1,8.50,8.50
2025-06-01,Sweat a capuche,Vetements,Hauts-de-France,Boutique,7,39.90,279.30
2025-06-01,Sweat a capuche,Vetements,Ile-de-France,Boutique,5,39.90,199.50
2025-06-01,T-shirt logo,Vetements,Ile-de-France,Boutique,1,19.90,19.90
2025-06-01,Stylo gel,Papeterie,Nouvelle-Aquitaine,Site web,1,2.50,2.50
2025-06-01,Stylo gel,Papeterie,Occitanie,Boutique,1,2.50,2.50
2025-06-01,Mug ceramique,Maison,Pays-de-la-Loire,Site web,8,11.90,95.20
2025-06-02,Casquette,Accessoires,Auvergne-Rhone-Alpes,Boutique,5,14.50,72.50
2025-06-02,T-shirt logo,Vetements,Bourgogne-Franche-Comte,Boutique,3,19.90,59.70
2025-06-02,Poster A2,Maison,Normandie,Site web,7,9.90,69.30
2025-06-02,Puzzle 100 pieces,Jouet,Normandie,Boutique,1,6.90,6.90
2025-06-02,Mug ceramique,Maison,Nouvelle-Aquitaine,Site web,3,11.90,35.70
2025-06-02,Tote bag,Accessoires,Nouvelle-Aquitaine,Boutique,7,8.50,59.50
2025-06-02,Chaussettes,Vetements,Provence-Alpes-Cote d'Azur,Boutique,1,7.50,7.50
2025-06-03,Gourde inox,Accessoires,Bourgogne-Franche-Comte,Site web,1,12.00,12.00
2025-06-03,Mug ceramique,Maison,Bretagne,Boutique,9,11.90,107.10
2025-06-03,Poster A2,Maison,Nouvelle-Aquitaine,Site web,7,9.90,69.30
2025-06-03,Tote bag,Accessoires,Nouvelle-Aquitaine,Site web,1,8.50,8.50
2025-06-03,Poster A2,Maison,Occitanie,Boutique,7,9.90,69.30
2025-06-03,Mug ceramique,Maison,Provence-Alpes-Cote d'Azur,Boutique,4,11.90,47.60
2025-06-04,Carnet A5,Papeterie,Bourgogne-Franche-Comte,Site web,1,6.90,6.90
2025-06-04,Poster A2,Maison,Bourgogne-Franche-Comte,Boutique,2,9.90,19.80
2025-06-04,Casquette,Accessoires,Grand Est,Boutique,9,14.50,130.50
2025-06-04,Puzzle 100 pieces,Jouet,Grand Est,Site web,7,6.90,48.30
2025-06-04,Gourde inox,Accessoires,Ile-de-France,Boutique,2,12.00,24.00
2025-06-04,Sweat a capuche,Vetements,Ile-de-France,Site web,1,39.90,39.90
2025-06-04,Carnet A5,Papeterie,Normandie,Site web,3,6.90,20.70
2025-06-04,Carnet A5,Papeterie,Nouvelle-Aquitaine,Boutique,6,6.90,41.40
2025-06-04,Casquette,Accessoires,Nouvelle-Aquitaine,Boutique,1,14.50,14.50
2025-06-04,Sweat a capuche,Vetements,Nouvelle-Aquitaine,Site web,3,39.90,119.70
2025-06-05,Sweat a capuche,Vetements,Bourgogne-Franche-Comte,Site web,5,39.90,199.50
2025-06-05,T-shirt logo,Vetements,Bourgogne-Franche-Comte,Site web,8,19.90,159.20
2025-06-05,Carnet A5,Papeterie,Ile-de-France,Boutique,6,6.90,41.40
2025-06-05,Mug ceramique,Maison,Ile-de-France,Boutique,1,11.90,11.90
2025-06-05,Sweat a capuche,Vetements,Nouvelle-Aquitaine,Site web,3,39.90,119.70
2025-06-05,T-shirt logo,Vetements,Nouvelle-Aquitaine,Site web,4,19.90,79.60
2025-06-05,Carnet A5,Papeterie,Occitanie,Site web,4,6.90,27.60
2025-06-05,Chaussettes,Vetements,Occitanie,Boutique,10,7.50,75.00
2025-06-05,Carnet A5,Papeterie,Pays-de-la-Loire,Site web,3,6.90,20.70
2025-06-05,Stylo gel,Papeterie,Pays-de-la-Loire,Boutique,7,2.50,17.50
2025-06-05,Tote bag,Accessoires,Pays-de-la-Loire,Boutique,3,8.50,25.50
2025-06-05,Tote bag,Accessoires,Pays-de-la-Loire,Site web,6,8.50,51.00
2025-06-06,Mug ceramique,Maison,Corse,Boutique,4,11.90,47.60
2025-06-06,Toupie en bois,Jouet,Nouvelle-Aquitaine,Boutique,2,2.50,5.00
2025-06-06,Mug ceramique,Maison,Occitanie,Site web,3,11.90,35.70
2025-06-06,Mug ceramique,Maison,Occitanie,Site web,6,11.90,71.40
2025-06-07,Carnet A5,Papeterie,Corse,Boutique,2,6.90,13.80
2025-06-07,Stylo gel,Papeterie,Corse,Boutique,4,2.50,10.00
2025-06-07,Stylo gel,Papeterie,Hauts-de-France,Site web,5,2.50,12.50
2025-06-07,Carnet A5,Papeterie,Normandie,Boutique,4,6.90,27.60
2025-06-07,Casquette,Accessoires,Normandie,Boutique,1,14.50,14.50
2025-06-07,Casquette,Accessoires,Nouvelle-Aquitaine,Site web,7,14.50,101.50
2025-06-07,Chaussettes,Vetements,Nouvelle-Aquitaine,Boutique,5,7.50,37.50
2025-06-07,Carnet A5,Papeterie,Pays-de-la-Loire,Site web,9,6.90,62.10
2025-06-07,Tote bag,Accessoires,Pays-de-la-Loire,Boutique,8,8.50,68.00
2025-06-07,Poster A2,Maison,Provence-Alpes-Cote d'Azur,Site web,4,9.90,39.60
2025-06-08,Gourde inox,Accessoires,Auvergne-Rhone-Alpes,Site web,7,12.00,84.00
2025-06-08,Tote bag,Accessoires,Grand Est,Boutique,2,8.50,17.00
2025-06-08,Tote bag,Accessoires,Ile-de-France,Site web,2,8.50,17.00
2025-06-08,Mug ceramique,Maison,Nouvelle-Aquitaine,Site web,5,11.90,59.50
2025-06-08,Stylo gel,Papeterie,Provence-Alpes-Cote d'Azur,Boutique,6,2.50,15.00
2025-06-09,Tote bag,Accessoires,Auvergne-Rhone-Alpes,Boutique,1,8.50,8.50
2025-06-09,Chaussettes,Vetements,Occitanie,Site web,6,7.50,45.00
2025-06-09,Tote bag,Accessoires,Pays-de-la-Loire,Site web,3,8.50,25.50
2025-06-10,Carnet A5,Papeterie,Grand Est,Site web,6,6.90,41.40
2025-06-10,T-shirt logo,Vetements,Grand Est,Site web,2,19.90,39.80
2025-06-10,Casquette,Accessoires,Ile-de-France,Boutique,5,14.50,72.50
2025-06-10,Casquette,Accessoires,Occitanie,Site web,4,14.50,58.00
2025-06-10,Toupie en bois,Jouet,Occitanie,Boutique,5,2.50,12.50
2025-06-10,Tote bag,Accessoires,Pays-de-la-Loire,Site web,1,8.50,8.50
2025-06-10,Chaussettes,Vetements,Provence-Alpes-Cote d'Azur,Boutique,3,7.50,22.50
2025-06-10,Sweat a capuche,Vetements,Provence-Alpes-Cote d'Azur,Site web,5,39.90,199.50
2025-06-11,Mug ceramique,Maison,Bretagne,Site web,3,11.90,35.70
2025-06-11,Stylo gel,Papeterie,Centre-Val de Loire,Site web,3,2.50,7.50
2025-06-12,Poster A2,Maison,Bretagne,Site web,4,9.90,39.60
2025-06-12,Carnet A5,Papeterie,Grand Est,Boutique,7,6.90,48.30
2025-06-12,Tote bag,Accessoires,Hauts-de-France,Site web,5,8.50,42.50
2025-06-12,Gourde inox,Accessoires,Ile-de-France,Site web,1,12.00,12.00
2025-06-12,Gourde inox,Accessoires,Occitanie,Boutique,2,12.00,24.00
2025-06-12,T-shirt logo,Vetements,Provence-Alpes-Cote d'Azur,Boutique,1,19.90,19.90
2025-06-13,Mug ceramique,Maison,Hauts-de-France,Boutique,7,11.90,83.30
2025-06-13,Poster A2,Maison,Hauts-de-France,Boutique,6,9.90,59.40
2025-06-13,Poster A2,Maison,Occitanie,Boutique,1,9.90,9.90
2025-06-13,Stylo gel,Papeterie,Provence-Alpes-Cote d'Azur,Boutique,3,2.50,7.50
2025-06-14,Chaussettes,Vetements,Auvergne-Rhone-Alpes,Site web,7,7.50,52.50
2025-06-14,Poster A2,Maison,Centre-Val de Loire,Site web,4,9.90,39.60
2025-06-14,Casquette,Accessoires,Nouvelle-Aquitaine,Boutique,3,14.50,43.50
2025-06-15,Carnet A5,Papeterie,Bretagne,Site web,5,6.90,34.50
2025-06-15,Casquette,Accessoires,Corse,Boutique,2,14.50,29.00
2025-06-15,Poster A2,Maison,Pays-de-la-Loire,Boutique,5,9.90,49.50
2025-06-15,Sweat a capuche,Vetements,Pays-de-la-Loire,Site web,3,39.90,119.70
2025-06-16,T-shirt logo,Vetements,Auvergne-Rhone-Alpes,Boutique,1,19.90,19.90
2025-06-16,Mug ceramique,Maison,Hauts-de-France,Boutique,5,11.90,59.50
2025-06-16,Sweat a capuche,Vetements,Occitanie,Boutique,4,39.90,159.60
2025-06-16,Tote bag,Accessoires,Provence-Alpes-Cote d'Azur,Boutique,4,8.50,34.00
2025-06-17,T-shirt logo,Vetements,Bretagne,Site web,6,19.90,119.40
2025-06-17,Mug ceramique,Maison,Corse,Site web,5,11.90,59.50
2025-06-17,Casquette,Accessoires,Normandie,Site web,5,14.50,72.50
2025-06-17,Carnet A5,Papeterie,Occitanie,Boutique,2,6.90,13.80
2025-06-17,Poster A2,Maison,Occitanie,Boutique,4,9.90,39.60
2025-06-18,Tote bag,Accessoires,Bretagne,Boutique,5,8.50,42.50
2025-06-18,Chaussettes,Vetements,Corse,Site web,5,7.50,37.50
2025-06-18,Casquette,Accessoires,Nouvelle-Aquitaine,Site web,5,14.50,72.50
2025-06-18,Gourde inox,Accessoires,Provence-Alpes-Cote d'Azur,Site web,6,12.00,72.00
2025-06-18,Mug ceramique,Maison,Provence-Alpes-Cote d'Azur,Site web,1,11.90,11.90
2025-06-19,T-shirt logo,Vetements,Bourgogne-Franche-Comte,Site web,4,19.90,79.60
2025-06-19,T-shirt logo,Vetements,Bretagne,Site web,7,19.90,139.30
2025-06-19,Mug ceramique,Maison,Occitanie,Site web,8,11.90,95.20
2025-06-19,Carnet A5,Papeterie,Provence-Alpes-Cote d'Azur,Site web,5,6.90,34.50
2025-06-20,Sweat a capuche,Vetements,Bretagne,Boutique,5,39.90,199.50
2025-06-20,Tote bag,Accessoires,Grand Est,Boutique,2,8.50,17.00
2025-06-20,Gourde inox,Accessoires,Hauts-de-France,Boutique,3,12.00,36.00
2025-06-20,Casquette,Accessoires,Ile-de-France,Site web,4,14.50,58.00
2025-06-20,Chaussettes,Vetements,Normandie,Site web,5,7.50,37.50
2025-06-20,Tote bag,Accessoires,Nouvelle-Aquitaine,Boutique,3,8.50,25.50
2025-06-21,Poster A2,Maison,Corse,Site web,9,9.90,89.10
2025-06-21,Sweat a capuche,Vetements,Grand Est,Site web,5,39.90,199.50
2025-06-21,Tote bag,Accessoires,Grand Est,Site web,2,8.50,17.00
2025-06-21,Casquette,Accessoires,Ile-de-France,Boutique,2,14.50,29.00
2025-06-21,Poster A2,Maison,Nouvelle-Aquitaine,Boutique,9,9.90,89.10
2025-06-21,Poster A2,Maison,Nouvelle-Aquitaine,Boutique,4,9.90,39.60
2025-06-21,T-shirt logo,Vetements,Provence-Alpes-Cote d'Azur,Site web,4,19.90,79.60
2025-06-22,Casquette,Accessoires,Bretagne,Boutique,5,14.50,72.50
2025-06-22,T-shirt logo,Vetements,Hauts-de-France,Site web,5,19.90,99.50
2025-06-22,Stylo gel,Papeterie,Pays-de-la-Loire,Site web,2,2.50,5.00
2025-06-23,Tote bag,Accessoires,Auvergne-Rhone-Alpes,Site web,7,8.50,59.50
2025-06-23,Tote bag,Accessoires,Ile-de-France,Site web,8,8.50,68.00
2025-06-23,Carnet A5,Papeterie,Nouvelle-Aquitaine,Boutique,8,6.90,55.20
2025-06-23,T-shirt logo,Vetements,Nouvelle-Aquitaine,Site web,2,19.90,39.80
2025-06-23,Casquette,Accessoires,Occitanie,Boutique,2,14.50,29.00
2025-06-23,Tote bag,Accessoires,Occitanie,Site web,1,8.50,8.50
2025-06-24,Chaussettes,Vetements,Auvergne-Rhone-Alpes,Boutique,8,7.50,60.00
2025-06-24,Mug ceramique,Maison,Auvergne-Rhone-Alpes,Site web,1,11.90,11.90
2025-06-24,Chaussettes,Vetements,Bretagne,Site web,2,7.50,15.00
2025-06-24,Sweat a capuche,Vetements,Centre-Val de Loire,Site web,4,39.90,159.60
2025-06-24,T-shirt logo,Vetements,Centre-Val de Loire,Site web,8,19.90,159.20
2025-06-24,Carnet A5,Papeterie,Hauts-de-France,Site web,5,6.90,34.50
2025-06-24,Gourde inox,Accessoires,Hauts-de-France,Site web,3,12.00,36.00
2025-06-24,T-shirt logo,Vetements,Normandie,Site web,5,19.90,99.50
2025-06-24,Puzzle 100 pieces,Jouet,Occitanie,Site web,6,6.90,41.40
2025-06-24,Carnet A5,Papeterie,Pays-de-la-Loire,Site web,2,6.90,13.80
2025-06-25,Sweat a capuche,Vetements,Auvergne-Rhone-Alpes,Boutique,6,39.90,239.40
2025-06-25,T-shirt logo,Vetements,Centre-Val de Loire,Boutique,6,19.90,119.40
2025-06-25,Gourde inox,Accessoires,Grand Est,Site web,3,12.00,36.00
2025-06-26,Carnet A5,Papeterie,Grand Est,Boutique,7,6.90,48.30
2025-06-26,Tote bag,Accessoires,Hauts-de-France,Site web,10,8.50,85.00
2025-06-26,T-shirt logo,Vetements,Occitanie,Site web,4,19.90,79.60
2025-06-26,Poster A2,Maison,Provence-Alpes-Cote d'Azur,Boutique,4,9.90,39.60
2025-06-27,Chaussettes,Vetements,Corse,Boutique,3,7.50,22.50
2025-06-27,Mug ceramique,Maison,Pays-de-la-Loire,Site web,8,11.90,95.20
2025-06-27,Poster A2,Maison,Provence-Alpes-Cote d'Azur,Boutique,4,9.90,39.60
2025-06-28,Poster A2,Maison,Auvergne-Rhone-Alpes,Boutique,3,9.90,29.70
2025-06-28,Poster A2,Maison,Grand Est,Boutique,6,9.90,59.40
2025-06-28,Tote bag,Accessoires,Occitanie,Site web,6,8.50,51.00
2025-06-29,Poster A2,Maison,Bourgogne-Franche-Comte,Boutique,1,9.90,9.90
2025-06-29,T-shirt logo,Vetements,Bourgogne-Franche-Comte,Site web,5,19.90,99.50
2025-06-29,Carnet A5,Papeterie,Normandie,Boutique,5,6.90,34.50
2025-06-29,Sweat a capuche,Vetements,Normandie,Boutique,7,39.90,279.30
2025-06-29,Tote bag,Accessoires,Normandie,Site web,2,8.50,17.00
2025-06-29,Casquette,Accessoires,Occitanie,Boutique,2,14.50,29.00
2025-06-30,T-shirt logo,Vetements,Ile-de-France,Boutique,3,19.90,59.70
2025-06-30,Stylo gel,Papeterie,Provence-Alpes-Cote d'Azur,Site web,6,2.50,15.00
2025-06-30,Tote bag,Accessoires,Provence-Alpes-Cote d'Azur,Site web,4,8.50,34.00
2025-07-01,Gourde inox,Accessoires,Bourgogne-Franche-Comte,Site web,2,12.00,24.00
2025-07-01,Casquette,Accessoires,Ile-de-France,Boutique,3,14.50,43.50
2025-07-01,Poster A2,Maison,Ile-de-France,Site web,3,9.90,29.70
2025-07-01,Tote bag,Accessoires,Ile-de-France,Site web,6,8.50,51.00
2025-07-01,Chaussettes,Vetements,Provence-Alpes-Cote d'Azur,Boutique,2,7.50,15.00
2025-07-02,T-shirt logo,Vetements,Auvergne-Rhone-Alpes,Site web,8,19.90,159.20
2025-07-02,Mug ceramique,Maison,Bretagne,Site web,2,11.90,23.80
2025-07-02,Tote bag,Accessoires,Ile-de-France,Site web,5,8.50,42.50
2025-07-03,Tote bag,Accessoires,Auvergne-Rhone-Alpes,Boutique,3,8.50,25.50
2025-07-03,Chaussettes,Vetements,Bretagne,Site web,1,7.50,7.50
2025-07-03,Tote bag,Accessoires,Bretagne,Site web,5,8.50,42.50
2025-07-03,Puzzle 100 pieces,Jouet,Provence-Alpes-Cote d'Azur,Boutique,2,6.90,13.80
2025-07-04,Chaussettes,Vetements,Auvergne-Rhone-Alpes,Boutique,7,7.50,52.50
2025-07-04,Sweat a capuche,Vetements,Corse,Site web,6,39.90,239.40
2025-07-04,Carnet A5,Papeterie,Grand Est,Site web,2,6.90,13.80
2025-07-04,Toupie en bois,Jouet,Hauts-de-France,Site web,5,2.50,12.50
2025-07-04,Carnet A5,Papeterie,Normandie,Boutique,6,6.90,41.40
2025-07-04,Puzzle 100 pieces,Jouet,Provence-Alpes-Cote d'Azur,Boutique,5,6.90,34.50
2025-07-05,Gourde inox,Accessoires,Bourgogne-Franche-Comte,Boutique,1,12.00,12.00
2025-07-05,Mug ceramique,Maison,Bourgogne-Franche-Comte,Boutique,4,11.90,47.60
2025-07-05,T-shirt logo,Vetements,Bourgogne-Franche-Comte,Boutique,8,19.90,159.20
2025-07-05,Gourde inox,Accessoires,Bretagne,Site web,3,12.00,36.00
2025-07-05,Sweat a capuche,Vetements,Centre-Val de Loire,Boutique,8,39.90,319.20
2025-07-05,Poster A2,Maison,Corse,Site web,1,9.90,9.90
2025-07-05,Gourde inox,Accessoires,Nouvelle-Aquitaine,Site web,6,12.00,72.00
2025-07-05,Mug ceramique,Maison,Occitanie,Site web,3,11.90,35.70
2025-07-05,Tote bag,Accessoires,Occitanie,Site web,3,8.50,25.50
2025-07-05,Mug ceramique,Maison,Pays-de-la-Loire,Boutique,3,11.90,35.70
2025-07-05,Chaussettes,Vetements,Provence-Alpes-Cote d'Azur,Site web,8,7.50,60.00
2025-07-06,Chaussettes,Vetements,Bretagne,Site web,6,7.50,45.00
2025-07-06,Carnet A5,Papeterie,Normandie,Boutique,5,6.90,34.50
2025-07-06,Gourde inox,Accessoires,Pays-de-la-Loire,Site web,9,12.00,108.00
2025-07-07,Casquette,Accessoires,Grand Est,Boutique,2,14.50,29.00
2025-07-07,Toupie en bois,Jouet,Ile-de-France,Site web,5,2.50,12.50
2025-07-07,Gourde inox,Accessoires,Normandie,Site web,1,12.00,12.00
2025-07-07,Sweat a capuche,Vetements,Normandie,Site web,3,39.90,119.70
2025-07-07,T-shirt logo,Vetements,Normandie,Boutique,1,19.90,19.90
2025-07-08,Sweat a capuche,Vetements,Corse,Boutique,2,39.90,79.80
2025-07-08,Chaussettes,Vetements,Grand Est,Boutique,3,7.50,22.50
2025-07-08,Chaussettes,Vetements,Grand Est,Boutique,6,7.50,45.00
2025-07-08,Tote bag,Accessoires,Hauts-de-France,Site web,5,8.50,42.50
2025-07-08,Casquette,Accessoires,Occitanie,Site web,6,14.50,87.00
2025-07-08,Poster A2,Maison,Pays-de-la-Loire,Boutique,4,9.90,39.60
2025-07-08,Mug ceramique,Maison,Provence-Alpes-Cote d'Azur,Boutique,4,11.90,47.60
2025-07-09,Carnet A5,Papeterie,Hauts-de-France,Boutique,9,6.90,62.10
2025-07-09,Gourde inox,Accessoires,Hauts-de-France,Boutique,4,12.00,48.00
2025-07-09,Casquette,Accessoires,Nouvelle-Aquitaine,Site web,5,14.50,72.50
2025-07-09,Chaussettes,Vetements,Nouvelle-Aquitaine,Boutique,7,7.50,52.50
2025-07-10,Puzzle 100 pieces,Jouet,Centre-Val de Loire,Boutique,7,6.90,48.30
2025-07-10,Chaussettes,Vetements,Nouvelle-Aquitaine,Site web,7,7.50,52.50
2025-07-10,Gourde inox,Accessoires,Pays-de-la-Loire,Boutique,7,12.00,84.00
2025-07-11,Poster A2,Maison,Ile-de-France,Boutique,7,9.90,69.30
2025-07-11,Stylo gel,Papeterie,Ile-de-France,Site web,9,2.50,22.50
2025-07-11,T-shirt logo,Vetements,Occitanie,Site web,5,19.90,99.50
2025-07-11,Chaussettes,Vetements,Provence-Alpes-Cote d'Azur,Site web,7,7.50,52.50
2025-07-11,Mug ceramique,Maison,Provence-Alpes-Cote d'Azur,Boutique,2,11.90,23.80
2025-07-12,Chaussettes,Vetements,Bourgogne-Franche-Comte,Boutique,3,7.50,22.50
2025-07-12,T-shirt logo,Vetements,Bretagne,Boutique,10,19.90,199.00
2025-07-12,Sweat a capuche,Vetements,Ile-de-France,Site web,2,39.90,79.80
2025-07-12,Sweat a capuche,Vetements,Normandie,Site web,4,39.90,159.60
2025-07-12,Gourde inox,Accessoires,Nouvelle-Aquitaine,Site web,1,12.00,12.00
2025-07-12,Poster A2,Maison,Pays-de-la-Loire,Site web,5,9.90,49.50
2025-07-13,Mug ceramique,Maison,Bourgogne-Franche-Comte,Boutique,3,11.90,35.70
2025-07-13,Sweat a capuche,Vetements,Grand Est,Boutique,6,39.90,239.40
2025-07-13,Tote bag,Accessoires,Grand Est,Boutique,3,8.50,25.50
2025-07-13,Tote bag,Accessoires,Occitanie,Site web,4,8.50,34.00
2025-07-14,Toupie en bois,Jouet,Bourgogne-Franche-Comte,Boutique,2,2.50,5.00
2025-07-14,Toupie en bois,Jouet,Corse,Boutique,5,2.50,12.50
2025-07-14,Carnet A5,Papeterie,Ile-de-France,Boutique,2,6.90,13.80
2025-07-14,Casquette,Accessoires,Ile-de-France,Site web,2,14.50,29.00
2025-07-14,Mug ceramique,Maison,Normandie,Site web,1,11.90,11.90
2025-07-14,Tote bag,Accessoires,Normandie,Site web,5,8.50,42.50
2025-07-14,Gourde inox,Accessoires,Nouvelle-Aquitaine,Site web,5,12.00,60.00
2025-07-15,Poster A2,Maison,Bourgogne-Franche-Comte,Boutique,6,9.90,59.40
2025-07-15,Tote bag,Accessoires,Nouvelle-Aquitaine,Site web,7,8.50,59.50
2025-07-15,T-shirt logo,Vetements,Occitanie,Boutique,10,19.90,199.00
2025-07-15,Casquette,Accessoires,Provence-Alpes-Cote d'Azur,Site web,7,14.50,101.50
2025-07-16,Poster A2,Maison,Auvergne-Rhone-Alpes,Site web,3,9.90,29.70
2025-07-16,Casquette,Accessoires,Grand Est,Site web,4,14.50,58.00
2025-07-16,Carnet A5,Papeterie,Normandie,Site web,5,6.90,34.50
2025-07-16,Sweat a capuche,Vetements,Nouvelle-Aquitaine,Boutique,5,39.90,199.50
2025-07-16,Stylo gel,Papeterie,Pays-de-la-Loire,Boutique,3,2.50,7.50
2025-07-17,Poster A2,Maison,Grand Est,Boutique,4,9.90,39.60
2025-07-17,Carnet A5,Papeterie,Hauts-de-France,Boutique,4,6.90,27.60
2025-07-17,Chaussettes,Vetements,Hauts-de-France,Site web,8,7.50,60.00
2025-07-17,Mug ceramique,Maison,Ile-de-France,Site web,5,11.90,59.50
2025-07-17,T-shirt logo,Vetements,Occitanie,Boutique,1,19.90,19.90
2025-07-18,Sweat a capuche,Vetements,Bretagne,Boutique,1,39.90,39.90
2025-07-18,Poster A2,Maison,Centre-Val de Loire,Site web,4,9.90,39.60
2025-07-18,T-shirt logo,Vetements,Ile-de-France,Site web,2,19.90,39.80
2025-07-18,Stylo gel,Papeterie,Normandie,Boutique,7,2.50,17.50
2025-07-19,Sweat a capuche,Vetements,Bretagne,Site web,3,39.90,119.70
2025-07-19,Stylo gel,Papeterie,Ile-de-France,Site web,3,2.50,7.50
2025-07-19,Mug ceramique,Maison,Occitanie,Site web,1,11.90,11.90
2025-07-19,Chaussettes,Vetements,Pays-de-la-Loire,Boutique,2,7.50,15.00
2025-07-19,T-shirt logo,Vetements,Pays-de-la-Loire,Site web,8,19.90,159.20
2025-07-20,Casquette,Accessoires,Auvergne-Rhone-Alpes,Site web,5,14.50,72.50
2025-07-20,Carnet A5,Papeterie,Ile-de-France,Boutique,6,6.90,41.40
2025-07-20,Sweat a capuche,Vetements,Nouvelle-Aquitaine,Site web,2,39.90,79.80
2025-07-20,Carnet A5,Papeterie,Provence-Alpes-Cote d'Azur,Site web,4,6.90,27.60
2025-07-20,Chaussettes,Vetements,Provence-Alpes-Cote d'Azur,Boutique,2,7.50,15.00
2025-07-20,Gourde inox,Accessoires,Provence-Alpes-Cote d'Azur,Site web,5,12.00,60.00
2025-07-21,Casquette,Accessoires,Ile-de-France,Boutique,3,14.50,43.50
2025-07-21,Carnet A5,Papeterie,Normandie,Boutique,5,6.90,34.50
2025-07-21,Mug ceramique,Maison,Nouvelle-Aquitaine,Site web,1,11.90,11.90
2025-07-22,Poster A2,Maison,Bourgogne-Franche-Comte,Boutique,8,9.90,79.20
2025-07-22,Sweat a capuche,Vetements,Bretagne,Site web,4,39.90,159.60
2025-07-22,Poster A2,Maison,Hauts-de-France,Site web,2,9.90,19.80
2025-07-23,T-shirt logo,Vetements,Auvergne-Rhone-Alpes,Site web,3,19.90,59.70
2025-07-23,Mug ceramique,Maison,Bourgogne-Franche-Comte,Boutique,3,11.90,35.70
2025-07-23,Puzzle 100 pieces,Jouet,Hauts-de-France,Site web,3,6.90,20.70
2025-07-23,Tote bag,Accessoires,Provence-Alpes-Cote d'Azur,Boutique,6,8.50,51.00
2025-07-24,T-shirt logo,Vetements,Auvergne-Rhone-Alpes,Boutique,10,19.90,199.00
2025-07-24,Chaussettes,Vetements,Bourgogne-Franche-Comte,Site web,4,7.50,30.00
2025-07-24,Gourde inox,Accessoires,Bourgogne-Franche-Comte,Boutique,2,12.00,24.00
2025-07-24,Mug ceramique,Maison,Grand Est,Boutique,1,11.90,11.90
2025-07-24,Chaussettes,Vetements,Normandie,Boutique,7,7.50,52.50
2025-07-24,Poster A2,Maison,Pays-de-la-Loire,Boutique,4,9.90,39.60
2025-07-24,Chaussettes,Vetements,Provence-Alpes-Cote d'Azur,Boutique,7,7.50,52.50
2025-07-25,Poster A2,Maison,Centre-Val de Loire,Boutique,1,9.90,9.90
2025-07-25,Carnet A5,Papeterie,Occitanie,Site web,3,6.90,20.70
2025-07-25,Tote bag,Accessoires,Occitanie,Site web,6,8.50,51.00
2025-07-26,Gourde inox,Accessoires,Centre-Val de Loire,Boutique,5,12.00,60.00
2025-07-26,Gourde inox,Accessoires,Grand Est,Site web,1,12.00,12.00
2025-07-26,Poster A2,Maison,Grand Est,Site web,1,9.90,9.90
2025-07-26,Sweat a capuche,Vetements,Grand Est,Boutique,4,39.90,159.60
2025-07-26,T-shirt logo,Vetements,Nouvelle-Aquitaine,Boutique,2,19.90,39.80
2025-07-26,Tote bag,Accessoires,Nouvelle-Aquitaine,Boutique,5,8.50,42.50
2025-07-26,Poster A2,Maison,Provence-Alpes-Cote d'Azur,Site web,6,9.90,59.40
2025-07-26,T-shirt logo,Vetements,Provence-Alpes-Cote d'Azur,Site web,4,19.90,79.60
2025-07-26,Toupie en bois,Jouet,Provence-Alpes-Cote d'Azur,Boutique,5,2.50,12.50
2025-07-27,Carnet A5,Papeterie,Auvergne-Rhone-Alpes,Site web,2,6.90,13.80
2025-07-27,Carnet A5,Papeterie,Hauts-de-France,Site web,3,6.90,20.70
2025-07-27,Poster A2,Maison,Hauts-de-France,Site web,1,9.90,9.90
2025-07-27,Chaussettes,Vetements,Occitanie,Boutique,10,7.50,75.00
2025-07-28,Poster A2,Maison,Auvergne-Rhone-Alpes,Boutique,4,9.90,39.60
2025-07-28,Sweat a capuche,Vetements,Grand Est,Boutique,4,39.90,159.60
2025-07-28,Sweat a capuche,Vetements,Grand Est,Site web,6,39.90,239.40
2025-07-28,Sweat a capuche,Vetements,Nouvelle-Aquitaine,Site web,1,39.90,39.90
2025-07-28,Tote bag,Accessoires,Nouvelle-Aquitaine,Site web,4,8.50,34.00
2025-07-29,Casquette,Accessoires,Auvergne-Rhone-Alpes,Site web,4,14.50,58.00
2025-07-29,T-shirt logo,Vetements,Centre-Val de Loire,Boutique,3,19.90,59.70
2025-07-29,Poster A2,Maison,Corse,Site web,7,9.90,69.30
2025-07-29,T-shirt logo,Vetements,Corse,Site web,7,19.90,139.30
2025-07-29,Stylo gel,Papeterie,Grand Est,Site web,9,2.50,22.50
2025-07-29,Poster A2,Maison,Hauts-de-France,Site web,4,9.90,39.60
2025-07-29,Sweat a capuche,Vetements,Occitanie,Site web,5,39.90,199.50
2025-07-29,Sweat a capuche,Vetements,Occitanie,Site web,1,39.90,39.90
2025-07-29,Casquette,Accessoires,Provence-Alpes-Cote d'Azur,Boutique,1,14.50,14.50
2025-07-30,Chaussettes,Vetements,Corse,Boutique,5,7.50,37.50
2025-07-30,Gourde inox,Accessoires,Corse,Boutique,7,12.00,84.00
2025-07-30,Tote bag,Accessoires,Normandie,Site web,3,8.50,25.50
2025-07-31,Sweat a capuche,Vetements,Bourgogne-Franche-Comte,Boutique,6,39.90,239.40
2025-07-31,T-shirt logo,Vetements,Bretagne,Site web,2,19.90,39.80
2025-07-31,Stylo gel,Papeterie,Grand Est,Boutique,2,2.50,5.00
2025-07-31,Gourde inox,Accessoires,Hauts-de-France,Boutique,8,12.00,96.00
2025-08-01,T-shirt logo,Vetements,Auvergne-Rhone-Alpes,Boutique,1,19.90,19.90
2025-08-01,Stylo gel,Papeterie,Bretagne,Site web,1,2.50,2.50
2025-08-01,Poster A2,Maison,Grand Est,Boutique,4,9.90,39.60
2025-08-01,T-shirt logo,Vetements,Grand Est,Site web,5,19.90,99.50
2025-08-01,Sweat a capuche,Vetements,Nouvelle-Aquitaine,Boutique,3,39.90,119.70
2025-08-01,Chaussettes,Vetements,Occitanie,Boutique,1,7.50,7.50
2025-08-01,Chaussettes,Vetements,Provence-Alpes-Cote d'Azur,Boutique,5,7.50,37.50
2025-08-02,Sweat a capuche,Vetements,Bourgogne-Franche-Comte,Site web,2,39.90,79.80
2025-08-02,Sweat a capuche,Vetements,Bretagne,Boutique,4,39.90,159.60
2025-08-02,Mug ceramique,Maison,Occitanie,Site web,5,11.90,59.50
2025-08-02,Gourde inox,Accessoires,Provence-Alpes-Cote d'Azur,Boutique,7,12.00,84.00
2025-08-03,Chaussettes,Vetements,Auvergne-Rhone-Alpes,Site web,6,7.50,45.00
2025-08-03,T-shirt logo,Vetements,Auvergne-Rhone-Alpes,Site web,5,19.90,99.50
2025-08-03,Sweat a capuche,Vetements,Bretagne,Boutique,2,39.90,79.80
2025-08-03,Carnet A5,Papeterie,Nouvelle-Aquitaine,Boutique,3,6.90,20.70
2025-08-03,Tote bag,Accessoires,Occitanie,Site web,6,8.50,51.00
2025-08-03,Carnet A5,Papeterie,Provence-Alpes-Cote d'Azur,Boutique,2,6.90,13.80
2025-08-04,Poster A2,Maison,Auvergne-Rhone-Alpes,Boutique,4,9.90,39.60
2025-08-04,Chaussettes,Vetements,Bourgogne-Franche-Comte,Site web,3,7.50,22.50
2025-08-04,Gourde inox,Accessoires,Bourgogne-Franche-Comte,Site web,3,12.00,36.00
2025-08-04,Casquette,Accessoires,Centre-Val de Loire,Site web,2,14.50,29.00
2025-08-04,T-shirt logo,Vetements,Nouvelle-Aquitaine,Site web,5,19.90,99.50
2025-08-04,Poster A2,Maison,Occitanie,Site web,6,9.90,59.40
2025-08-04,Toupie en bois,Jouet,Pays-de-la-Loire,Boutique,4,2.50,10.00
2025-08-05,T-shirt logo,Vetements,Auvergne-Rhone-Alpes,Boutique,5,19.90,99.50
2025-08-05,Puzzle 100 pieces,Jouet,Bourgogne-Franche-Comte,Boutique,2,6.90,13.80
2025-08-05,Carnet A5,Papeterie,Grand Est,Boutique,8,6.90,55.20
2025-08-05,Chaussettes,Vetements,Hauts-de-France,Site web,4,7.50,30.00
2025-08-05,Sweat a capuche,Vetements,Hauts-de-France,Boutique,5,39.90,199.50
2025-08-05,Carnet A5,Papeterie,Normandie,Site web,4,6.90,27.60
2025-08-05,Mug ceramique,Maison,Pays-de-la-Loire,Site web,1,11.90,11.90
2025-08-06,Tote bag,Accessoires,Bourgogne-Franche-Comte,Site web,5,8.50,42.50
2025-08-06,Tote bag,Accessoires,Bretagne,Boutique,5,8.50,42.50
2025-08-06,Mug ceramique,Maison,Centre-Val de Loire,Site web,2,11.90,23.80
2025-08-06,Mug ceramique,Maison,Centre-Val de Loire,Boutique,7,11.90,83.30
2025-08-06,Poster A2,Maison,Centre-Val de Loire,Site web,6,9.90,59.40
2025-08-06,Poster A2,Maison,Hauts-de-France,Boutique,5,9.90,49.50
2025-08-06,Tote bag,Accessoires,Normandie,Site web,2,8.50,17.00
2025-08-06,Poster A2,Maison,Occitanie,Site web,4,9.90,39.60
2025-08-06,Sweat a capuche,Vetements,Occitanie,Site web,6,39.90,239.40
2025-08-07,Gourde inox,Accessoires,Auvergne-Rhone-Alpes,Site web,3,12.00,36.00
2025-08-07,T-shirt logo,Vetements,Auvergne-Rhone-Alpes,Boutique,1,19.90,19.90
2025-08-07,T-shirt logo,Vetements,Bretagne,Boutique,7,19.90,139.30
2025-08-07,Mug ceramique,Maison,Grand Est,Site web,6,11.90,71.40
2025-08-07,Mug ceramique,Maison,Normandie,Site web,3,11.90,35.70
2025-08-07,T-shirt logo,Vetements,Normandie,Site web,3,19.90,59.70
2025-08-08,Mug ceramique,Maison,Ile-de-France,Site web,10,11.90,119.00
2025-08-08,Gourde inox,Accessoires,Nouvelle-Aquitaine,Boutique,6,12.00,72.00
2025-08-08,Mug ceramique,Maison,Occitanie,Site web,7,11.90,83.30
2025-08-08,Casquette,Accessoires,Pays-de-la-Loire,Boutique,1,14.50,14.50
2025-08-08,T-shirt logo,Vetements,Pays-de-la-Loire,Boutique,2,19.90,39.80
2025-08-09,Poster A2,Maison,Bretagne,Boutique,4,9.90,39.60
2025-08-09,Carnet A5,Papeterie,Grand Est,Boutique,3,6.90,20.70
2025-08-09,Stylo gel,Papeterie,Hauts-de-France,Boutique,6,2.50,15.00
2025-08-09,Carnet A5,Papeterie,Pays-de-la-Loire,Boutique,4,6.90,27.60
2025-08-09,Mug ceramique,Maison,Provence-Alpes-Cote d'Azur,Boutique,8,11.90,95.20
2025-08-09,Sweat a capuche,Vetements,Provence-Alpes-Cote d'Azur,Site web,2,39.90,79.80
2025-08-09,Tote bag,Accessoires,Provence-Alpes-Cote d'Azur,Site web,3,8.50,25.50
2025-08-10,T-shirt logo,Vetements,Auvergne-Rhone-Alpes,Site web,2,19.90,39.80
2025-08-10,Carnet A5,Papeterie,Bretagne,Boutique,6,6.90,41.40
2025-08-10,Tote bag,Accessoires,Bretagne,Boutique,5,8.50,42.50
2025-08-10,Tote bag,Accessoires,Hauts-de-France,Boutique,2,8.50,17.00
2025-08-10,Carnet A5,Papeterie,Normandie,Site web,2,6.90,13.80
2025-08-10,Poster A2,Maison,Occitanie,Boutique,4,9.90,39.60
2025-08-10,Poster A2,Maison,Pays-de-la-Loire,Site web,8,9.90,79.20
2025-08-10,Sweat a capuche,Vetements,Provence-Alpes-Cote d'Azur,Boutique,6,39.90,239.40
2025-08-10,T-shirt logo,Vetements,Provence-Alpes-Cote d'Azur,Boutique,1,19.90,19.90
2025-08-10,Tote bag,Accessoires,Provence-Alpes-Cote d'Azur,Site web,5,8.50,42.50
2025-08-11,Tote bag,Accessoires,Ile-de-France,Site web,2,8.50,17.00
2025-08-11,T-shirt logo,Vetements,Occitanie,Site web,3,19.90,59.70
2025-08-11,Sweat a capuche,Vetements,Pays-de-la-Loire,Site web,8,39.90,319.20
2025-08-12,Toupie en bois,Jouet,Auvergne-Rhone-Alpes,Boutique,2,2.50,5.00
2025-08-12,Stylo gel,Papeterie,Bourgogne-Franche-Comte,Site web,5,2.50,12.50
2025-08-12,T-shirt logo,Vetements,Bretagne,Boutique,2,19.90,39.80
2025-08-12,Tote bag,Accessoires,Bretagne,Boutique,1,8.50,8.50
2025-08-12,Sweat a capuche,Vetements,Grand Est,Boutique,5,39.90,199.50
2025-08-12,Gourde inox,Accessoires,Normandie,Boutique,2,12.00,24.00
2025-08-12,Chaussettes,Vetements,Occitanie,Boutique,2,7.50,15.00
2025-08-12,Mug ceramique,Maison,Provence-Alpes-Cote d'Azur,Site web,1,11.90,11.90
2025-08-13,Sweat a capuche,Vetements,Nouvelle-Aquitaine,Boutique,5,39.90,199.50
2025-08-13,Tote bag,Accessoires,Nouvelle-Aquitaine,Site web,3,8.50,25.50
2025-08-13,Tote bag,Accessoires,Nouvelle-Aquitaine,Site web,6,8.50,51.00
2025-08-13,Carnet A5,Papeterie,Occitanie,Site web,2,6.90,13.80
2025-08-13,Carnet A5,Papeterie,Occitanie,Boutique,8,6.90,55.20
2025-08-13,T-shirt logo,Vetements,Provence-Alpes-Cote d'Azur,Boutique,10,19.90,199.00
2025-08-13,Tote bag,Accessoires,Provence-Alpes-Cote d'Azur,Site web,3,8.50,25.50
2025-08-14,Sweat a capuche,Vetements,Bourgogne-Franche-Comte,Site web,3,39.90,119.70
2025-08-14,Casquette,Accessoires,Hauts-de-France,Site web,2,14.50,29.00
2025-08-14,Casquette,Accessoires,Hauts-de-France,Site web,8,14.50,116.00
2025-08-14,Tote bag,Accessoires,Nouvelle-Aquitaine,Site web,2,8.50,17.00
2025-08-14,Poster A2,Maison,Occitanie,Boutique,4,9.90,39.60
2025-08-14,T-shirt logo,Vetements,Occitanie,Site web,5,19.90,99.50
2025-08-14,Mug ceramique,Maison,Pays-de-la-Loire,Site web,1,11.90,11.90
2025-08-14,Carnet A5,Papeterie,Provence-Alpes-Cote d'Azur,Site web,6,6.90,41.40
2025-08-14,T-shirt logo,Vetements,Provence-Alpes-Cote d'Azur,Site web,3,19.90,59.70
2025-08-15,Casquette,Accessoires,Auvergne-Rhone-Alpes,Boutique,3,14.50,43.50
2025-08-15,Carnet A5,Papeterie,Bretagne,Site web,3,6.90,20.70
2025-08-15,Casquette,Accessoires,Bretagne,Site web,8,14.50,116.00
2025-08-15,Sweat a capuche,Vetements,Centre-Val de Loire,Boutique,5,39.90,199.50
2025-08-15,Mug ceramique,Maison,Grand Est,Boutique,6,11.90,71.40
2025-08-15,T-shirt logo,Vetements,Provence-Alpes-Cote d'Azur,Site web,8,19.90,159.20
2025-08-15,Tote bag,Accessoires,Provence-Alpes-Cote d'Azur,Boutique,5,8.50,42.50
2025-08-16,Stylo gel,Papeterie,Ile-de-France,Boutique,2,2.50,5.00
2025-08-16,Mug ceramique,Maison,Nouvelle-Aquitaine,Site web,1,11.90,11.90
2025-08-16,Sweat a capuche,Vetements,Nouvelle-Aquitaine,Site web,6,39.90,239.40
2025-08-16,Sweat a capuche,Vetements,Occitanie,Boutique,3,39.90,119.70
2025-08-16,Casquette,Accessoires,Pays-de-la-Loire,Boutique,1,14.50,14.50
2025-08-17,Gourde inox,Accessoires,Auvergne-Rhone-Alpes,Boutique,1,12.00,12.00
2025-08-17,Poster A2,Maison,Grand Est,Boutique,9,9.90,89.10
2025-08-17,Stylo gel,Papeterie,Pays-de-la-Loire,Boutique,1,2.50,2.50
2025-08-17,Sweat a capuche,Vetements,Pays-de-la-Loire,Site web,7,39.90,279.30
2025-08-18,Poster A2,Maison,Bretagne,Site web,3,9.90,29.70
2025-08-19,Chaussettes,Vetements,Centre-Val de Loire,Boutique,9,7.50,67.50
2025-08-19,Poster A2,Maison,Corse,Site web,4,9.90,39.60
2025-08-19,Mug ceramique,Maison,Ile-de-France,Boutique,4,11.90,47.60
2025-08-19,Gourde inox,Accessoires,Normandie,Site web,1,12.00,12.00
2025-08-19,Mug ceramique,Maison,Nouvelle-Aquitaine,Boutique,3,11.90,35.70
2025-08-19,Sweat a capuche,Vetements,Nouvelle-Aquitaine,Site web,2,39.90,79.80
2025-08-19,Sweat a capuche,Vetements,Nouvelle-Aquitaine,Site web,4,39.90,159.60
2025-08-19,Mug ceramique,Maison,Occitanie,Site web,6,11.90,71.40
2025-08-19,Carnet A5,Papeterie,Provence-Alpes-Cote d'Azur,Boutique,7,6.90,48.30
2025-08-20,Tote bag,Accessoires,Bourgogne-Franche-Comte,Site web,1,8.50,8.50
2025-08-20,T-shirt logo,Vetements,Centre-Val de Loire,Site web,7,19.90,139.30
2025-08-20,Carnet A5,Papeterie,Corse,Site web,2,6.90,13.80
2025-08-20,Gourde inox,Accessoires,Grand Est,Boutique,6,12.00,72.00
2025-08-20,Poster A2,Maison,Hauts-de-France,Site web,4,9.90,39.60
2025-08-20,Poster A2,Maison,Nouvelle-Aquitaine,Boutique,1,9.90,9.90
2025-08-20,Mug ceramique,Maison,Occitanie,Site web,2,11.90,23.80
2025-08-20,Sweat a capuche,Vetements,Occitanie,Boutique,5,39.90,199.50
2025-08-21,Chaussettes,Vetements,Bretagne,Site web,1,7.50,7.50
2025-08-21,Stylo gel,Papeterie,Nouvelle-Aquitaine,Site web,3,2.50,7.50
2025-08-21,Gourde inox,Accessoires,Occitanie,Site web,7,12.00,84.00
2025-08-21,Gourde inox,Accessoires,Occitanie,Site web,2,12.00,24.00
2025-08-21,T-shirt logo,Vetements,Occitanie,Site web,5,19.90,99.50
2025-08-22,Carnet A5,Papeterie,Auvergne-Rhone-Alpes,Boutique,8,6.90,55.20
2025-08-22,Tote bag,Accessoires,Centre-Val de Loire,Site web,1,8.50,8.50
2025-08-22,T-shirt logo,Vetements,Grand Est,Site web,6,19.90,119.40
2025-08-22,T-shirt logo,Vetements,Grand Est,Site web,6,19.90,119.40
2025-08-22,Gourde inox,Accessoires,Nouvelle-Aquitaine,Boutique,3,12.00,36.00
2025-08-22,Sweat a capuche,Vetements,Nouvelle-Aquitaine,Boutique,4,39.90,159.60
2025-08-22,Chaussettes,Vetements,Occitanie,Boutique,8,7.50,60.00
2025-08-22,Toupie en bois,Jouet,Occitanie,Site web,4,2.50,10.00
2025-08-22,Gourde inox,Accessoires,Provence-Alpes-Cote d'Azur,Site web,7,12.00,84.00
2025-08-23,Casquette,Accessoires,Auvergne-Rhone-Alpes,Site web,3,14.50,43.50
2025-08-23,Mug ceramique,Maison,Auvergne-Rhone-Alpes,Site web,2,11.90,23.80
2025-08-23,Sweat a capuche,Vetements,Auvergne-Rhone-Alpes,Site web,5,39.90,199.50
2025-08-23,Tote bag,Accessoires,Bretagne,Site web,2,8.50,17.00
2025-08-23,Poster A2,Maison,Grand Est,Site web,6,9.90,59.40
2025-08-23,Casquette,Accessoires,Hauts-de-France,Boutique,1,14.50,14.50
2025-08-23,T-shirt logo,Vetements,Hauts-de-France,Boutique,2,19.90,39.80
2025-08-23,Sweat a capuche,Vetements,Provence-Alpes-Cote d'Azur,Site web,6,39.90,239.40
2025-08-24,Chaussettes,Vetements,Auvergne-Rhone-Alpes,Boutique,4,7.50,30.00
2025-08-24,Casquette,Accessoires,Centre-Val de Loire,Boutique,7,14.50,101.50
2025-08-24,Gourde inox,Accessoires,Corse,Boutique,6,12.00,72.00
2025-08-24,Chaussettes,Vetements,Provence-Alpes-Cote d'Azur,Site web,1,7.50,7.50
2025-08-24,Tote bag,Accessoires,Provence-Alpes-Cote d'Azur,Site web,5,8.50,42.50
2025-08-25,Puzzle 100 pieces,Jouet,Provence-Alpes-Cote d'Azur,Boutique,7,6.90,48.30
2025-08-25,T-shirt logo,Vetements,Provence-Alpes-Cote d'Azur,Site web,4,19.90,79.60
2025-08-26,Chaussettes,Vetements,Ile-de-France,Site web,6,7.50,45.00
2025-08-26,Sweat a capuche,Vetements,Normandie,Boutique,6,39.90,239.40
2025-08-26,Mug ceramique,Maison,Occitanie,Site web,4,11.90,47.60
2025-08-26,Carnet A5,Papeterie,Provence-Alpes-Cote d'Azur,Site web,2,6.90,13.80
2025-08-27,Carnet A5,Papeterie,Auvergne-Rhone-Alpes,Boutique,2,6.90,13.80
2025-08-27,Chaussettes,Vetements,Normandie,Site web,4,7.50,30.00
2025-08-27,Sweat a capuche,Vetements,Occitanie,Boutique,2,39.90,79.80
2025-08-28,Gourde inox,Accessoires,Auvergne-Rhone-Alpes,Boutique,6,12.00,72.00
2025-08-28,Chaussettes,Vetements,Hauts-de-France,Site web,3,7.50,22.50
2025-08-28,T-shirt logo,Vetements,Occitanie,Boutique,9,19.90,179.10
2025-08-28,Toupie en bois,Jouet,Provence-Alpes-Cote d'Azur,Boutique,8,2.50,20.00
2025-08-29,Carnet A5,Papeterie,Auvergne-Rhone-Alpes,Site web,6,6.90,41.40
2025-08-29,Gourde inox,Accessoires,Grand Est,Boutique,6,12.00,72.00
2025-08-29,Poster A2,Maison,Grand Est,Site web,4,9.90,39.60
2025-08-29,Stylo gel,Papeterie,Normandie,Boutique,6,2.50,15.00
2025-08-29,Poster A2,Maison,Nouvelle-Aquitaine,Boutique,1,9.90,9.90
2025-08-30,Mug ceramique,Maison,Bourgogne-Franche-Comte,Site web,3,11.90,35.70
2025-08-30,T-shirt logo,Vetements,Bretagne,Boutique,6,19.90,119.40
2025-08-30,Mug ceramique,Maison,Hauts-de-France,Site web,1,11.90,11.90
2025-08-30,Carnet A5,Papeterie,Normandie,Boutique,1,6.90,6.90
2025-08-30,Poster A2,Maison,Normandie,Site web,3,9.90,29.70
2025-08-30,Gourde inox,Accessoires,Occitanie,Site web,9,12.00,108.00
2025-08-30,Sweat a capuche,Vetements,Occitanie,Site web,3,39.90,119.70
2025-08-31,Chaussettes,Vetements,Centre-Val de Loire,Site web,7,7.50,52.50
2025-08-31,Casquette,Accessoires,Hauts-de-France,Boutique,4,14.50,58.00
2025-09-01,T-shirt logo,Vetements,Bretagne,Boutique,4,19.90,79.60
2025-09-01,Poster A2,Maison,Provence-Alpes-Cote d'Azur,Boutique,2,9.90,19.80
2025-09-02,Carnet A5,Papeterie,Bourgogne-Franche-Comte,Boutique,8,6.90,55.20
2025-09-02,Casquette,Accessoires,Hauts-de-France,Boutique,2,14.50,29.00
2025-09-02,Sweat a capuche,Vetements,Occitanie,Boutique,7,39.90,279.30
2025-09-03,Sweat a capuche,Vetements,Grand Est,Boutique,5,39.90,199.50
2025-09-03,T-shirt logo,Vetements,Grand Est,Boutique,9,19.90,179.10
2025-09-03,Puzzle 100 pieces,Jouet,Ile-de-France,Boutique,5,6.90,34.50
2025-09-03,Casquette,Accessoires,Normandie,Boutique,1,14.50,14.50
2025-09-03,Chaussettes,Vetements,Nouvelle-Aquitaine,Site web,3,7.50,22.50
2025-09-03,Mug ceramique,Maison,Nouvelle-Aquitaine,Site web,2,11.90,23.80
2025-09-03,Mug ceramique,Maison,Nouvelle-Aquitaine,Boutique,6,11.90,71.40
2025-09-03,Gourde inox,Accessoires,Occitanie,Site web,2,12.00,24.00
2025-09-03,Sweat a capuche,Vetements,Pays-de-la-Loire,Boutique,5,39.90,199.50
2025-09-04,T-shirt logo,Vetements,Grand Est,Boutique,2,19.90,39.80
2025-09-04,T-shirt logo,Vetements,Ile-de-France,Site web,3,19.90,59.70
2025-09-04,Tote bag,Accessoires,Ile-de-France,Boutique,3,8.50,25.50
2025-09-05,Chaussettes,Vetements,Centre-Val de Loire,Boutique,4,7.50,30.00
2025-09-05,Casquette,Accessoires,Corse,Boutique,6,14.50,87.00
2025-09-05,Mug ceramique,Maison,Grand Est,Boutique,4,11.90,47.60
2025-09-05,Carnet A5,Papeterie,Hauts-de-France,Site web,7,6.90,48.30
2025-09-05,Casquette,Accessoires,Hauts-de-France,Site web,2,14.50,29.00
2025-09-05,T-shirt logo,Vetements,Ile-de-France,Site web,8,19.90,159.20
2025-09-05,Gourde inox,Accessoires,Pays-de-la-Loire,Site web,2,12.00,24.00
2025-09-06,Gourde inox,Accessoires,Bourgogne-Franche-Comte,Site web,6,12.00,72.00
2025-09-06,Sweat a capuche,Vetements,Bourgogne-Franche-Comte,Site web,5,39.90,199.50
2025-09-06,Casquette,Accessoires,Grand Est,Boutique,2,14.50,29.00
2025-09-06,Sweat a capuche,Vetements,Occitanie,Site web,3,39.90,119.70
2025-09-06,Tote bag,Accessoires,Provence-Alpes-Cote d'Azur,Site web,3,8.50,25.50
2025-09-07,Casquette,Accessoires,Bretagne,Site web,7,14.50,101.50
2025-09-07,Sweat a capuche,Vetements,Hauts-de-France,Site web,3,39.90,119.70
2025-09-07,Casquette,Accessoires,Pays-de-la-Loire,Boutique,7,14.50,101.50
2025-09-07,Chaussettes,Vetements,Provence-Alpes-Cote d'Azur,Site web,7,7.50,52.50
2025-09-07,Chaussettes,Vetements,Provence-Alpes-Cote d'Azur,Boutique,3,7.50,22.50
2025-09-08,Sweat a capuche,Vetements,Auvergne-Rhone-Alpes,Boutique,8,39.90,319.20
2025-09-08,Tote bag,Accessoires,Bretagne,Site web,2,8.50,17.00
2025-09-08,Casquette,Accessoires,Grand Est,Site web,5,14.50,72.50
2025-09-08,Mug ceramique,Maison,Normandie,Boutique,7,11.90,83.30
2025-09-08,Mug ceramique,Maison,Pays-de-la-Loire,Boutique,2,11.90,23.80
2025-09-08,Carnet A5,Papeterie,Provence-Alpes-Cote d'Azur,Site web,3,6.90,20.70
2025-09-09,Mug ceramique,Maison,Bourgogne-Franche-Comte,Boutique,5,11.90,59.50
2025-09-09,Stylo gel,Papeterie,Bretagne,Boutique,2,2.50,5.00
2025-09-09,Sweat a capuche,Vetements,Grand Est,Site web,4,39.90,159.60
2025-09-09,Gourde inox,Accessoires,Nouvelle-Aquitaine,Site web,5,12.00,60.00
2025-09-10,Chaussettes,Vetements,Bretagne,Boutique,1,7.50,7.50
2025-09-10,Mug ceramique,Maison,Grand Est,Boutique,6,11.90,71.40
2025-09-10,Gourde inox,Accessoires,Normandie,Boutique,7,12.00,84.00
2025-09-10,Chaussettes,Vetements,Nouvelle-Aquitaine,Boutique,6,7.50,45.00
2025-09-10,Mug ceramique,Maison,Nouvelle-Aquitaine,Site web,5,11.90,59.50
2025-09-10,Poster A2,Maison,Nouvelle-Aquitaine,Site web,9,9.90,89.10
2025-09-10,Poster A2,Maison,Occitanie,Site web,7,9.90,69.30
2025-09-10,T-shirt logo,Vetements,Occitanie,Boutique,4,19.90,79.60
2025-09-10,Stylo gel,Papeterie,Provence-Alpes-Cote d'Azur,Site web,1,2.50,2.50
2025-09-11,Tote bag,Accessoires,Bourgogne-Franche-Comte,Site web,2,8.50,17.00
2025-09-11,T-shirt logo,Vetements,Bretagne,Site web,1,19.90,19.90
2025-09-11,Mug ceramique,Maison,Hauts-de-France,Site web,2,11.90,23.80
2025-09-11,Puzzle 100 pieces,Jouet,Nouvelle-Aquitaine,Site web,3,6.90,20.70
2025-09-11,Stylo gel,Papeterie,Nouvelle-Aquitaine,Boutique,4,2.50,10.00
2025-09-11,T-shirt logo,Vetements,Nouvelle-Aquitaine,Site web,2,19.90,39.80
2025-09-11,Sweat a capuche,Vetements,Pays-de-la-Loire,Site web,2,39.90,79.80
2025-09-12,Chaussettes,Vetements,Auvergne-Rhone-Alpes,Boutique,6,7.50,45.00
2025-09-12,Sweat a capuche,Vetements,Auvergne-Rhone-Alpes,Site web,2,39.90,79.80
2025-09-12,Tote bag,Accessoires,Hauts-de-France,Site web,3,8.50,25.50
2025-09-12,Tote bag,Accessoires,Hauts-de-France,Site web,2,8.50,17.00
2025-09-12,T-shirt logo,Vetements,Nouvelle-Aquitaine,Site web,5,19.90,99.50
2025-09-12,Carnet A5,Papeterie,Pays-de-la-Loire,Boutique,6,6.90,41.40
2025-09-13,Carnet A5,Papeterie,Bretagne,Boutique,5,6.90,34.50
2025-09-13,Poster A2,Maison,Bretagne,Boutique,2,9.90,19.80
2025-09-13,Chaussettes,Vetements,Hauts-de-France,Site web,8,7.50,60.00
2025-09-13,Chaussettes,Vetements,Hauts-de-France,Site web,4,7.50,30.00
2025-09-13,Mug ceramique,Maison,Occitanie,Site web,5,11.90,59.50
2025-09-13,Tote bag,Accessoires,Pays-de-la-Loire,Site web,8,8.50,68.00
2025-09-14,Chaussettes,Vetements,Auvergne-Rhone-Alpes,Boutique,5,7.50,37.50
2025-09-14,T-shirt logo,Vetements,Bourgogne-Franche-Comte,Boutique,5,19.90,99.50
2025-09-14,Casquette,Accessoires,Bretagne,Boutique,3,14.50,43.50
2025-09-14,Poster A2,Maison,Bretagne,Boutique,1,9.90,9.90
2025-09-14,Sweat a capuche,Vetements,Bretagne,Site web,1,39.90,39.90
2025-09-14,Sweat a capuche,Vetements,Hauts-de-France,Site web,4,39.90,159.60
2025-09-15,Mug ceramique,Maison,Centre-Val de Loire,Site web,6,11.90,71.40
2025-09-15,Carnet A5,Papeterie,Hauts-de-France,Site web,4,6.90,27.60
2025-09-15,Poster A2,Maison,Hauts-de-France,Site web,1,9.90,9.90
2025-09-15,Poster A2,Maison,Ile-de-France,Site web,2,9.90,19.80
2025-09-16,Mug ceramique,Maison,Centre-Val de Loire,Boutique,3,11.90,35.70
2025-09-16,Poster A2,Maison,Corse,Site web,4,9.90,39.60
2025-09-16,Casquette,Accessoires,Hauts-de-France,Site web,6,14.50,87.00
2025-09-17,Sweat a capuche,Vetements,Pays-de-la-Loire,Site web,5,39.90,199.50
2025-09-17,Sweat a capuche,Vetements,Pays-de-la-Loire,Boutique,10,39.90,399.00
2025-09-18,Gourde inox,Accessoires,Auvergne-Rhone-Alpes,Boutique,4,12.00,48.00
2025-09-18,Casquette,Accessoires,Bourgogne-Franche-Comte,Boutique,2,14.50,29.00
2025-09-18,Tote bag,Accessoires,Bretagne,Boutique,3,8.50,25.50
2025-09-18,Sweat a capuche,Vetements,Hauts-de-France,Site web,4,39.90,159.60
2025-09-18,T-shirt logo,Vetements,Ile-de-France,Site web,7,19.90,139.30
2025-09-19,Chaussettes,Vetements,Auvergne-Rhone-Alpes,Boutique,6,7.50,45.00
2025-09-19,T-shirt logo,Vetements,Auvergne-Rhone-Alpes,Boutique,3,19.90,59.70
2025-09-19,Chaussettes,Vetements,Ile-de-France,Site web,8,7.50,60.00
2025-09-19,T-shirt logo,Vetements,Ile-de-France,Site web,2,19.90,39.80
2025-09-19,Casquette,Accessoires,Nouvelle-Aquitaine,Boutique,2,14.50,29.00
2025-09-19,Gourde inox,Accessoires,Occitanie,Boutique,8,12.00,96.00
2025-09-19,Mug ceramique,Maison,Provence-Alpes-Cote d'Azur,Boutique,3,11.90,35.70
2025-09-20,Gourde inox,Accessoires,Auvergne-Rhone-Alpes,Site web,3,12.00,36.00
2025-09-20,Poster A2,Maison,Auvergne-Rhone-Alpes,Boutique,5,9.90,49.50
2025-09-20,Poster A2,Maison,Centre-Val de Loire,Site web,7,9.90,69.30
2025-09-20,Sweat a capuche,Vetements,Hauts-de-France,Site web,3,39.90,119.70
2025-09-20,Sweat a capuche,Vetements,Hauts-de-France,Site web,1,39.90,39.90
2025-09-20,Sweat a capuche,Vetements,Ile-de-France,Site web,1,39.90,39.90
2025-09-21,Tote bag,Accessoires,Bourgogne-Franche-Comte,Site web,4,8.50,34.00
2025-09-21,Poster A2,Maison,Normandie,Boutique,6,9.90,59.40
2025-09-21,Tote bag,Accessoires,Pays-de-la-Loire,Site web,2,8.50,17.00
2025-09-21,Poster A2,Maison,Provence-Alpes-Cote d'Azur,Site web,4,9.90,39.60
2025-09-21,Tote bag,Accessoires,Provence-Alpes-Cote d'Azur,Boutique,3,8.50,25.50
2025-09-22,Carnet A5,Papeterie,Bretagne,Site web,3,6.90,20.70
2025-09-22,Gourde inox,Accessoires,Centre-Val de Loire,Site web,6,12.00,72.00
2025-09-22,T-shirt logo,Vetements,Grand Est,Site web,4,19.90,79.60
2025-09-22,Casquette,Accessoires,Ile-de-France,Site web,4,14.50,58.00
2025-09-22,Stylo gel,Papeterie,Ile-de-France,Site web,4,2.50,10.00
2025-09-22,Casquette,Accessoires,Nouvelle-Aquitaine,Boutique,6,14.50,87.00
2025-09-22,Mug ceramique,Maison,Occitanie,Site web,2,11.90,23.80
2025-09-22,Mug ceramique,Maison,Occitanie,Site web,3,11.90,35.70
2025-09-23,Tote bag,Accessoires,Centre-Val de Loire,Boutique,2,8.50,17.00
2025-09-23,Mug ceramique,Maison,Grand Est,Site web,4,11.90,47.60
2025-09-23,Tote bag,Accessoires,Grand Est,Site web,3,8.50,25.50
2025-09-23,T-shirt logo,Vetements,Ile-de-France,Boutique,7,19.90,139.30
2025-09-23,Gourde inox,Accessoires,Nouvelle-Aquitaine,Site web,7,12.00,84.00
2025-09-23,Chaussettes,Vetements,Provence-Alpes-Cote d'Azur,Site web,6,7.50,45.00
2025-09-24,Mug ceramique,Maison,Auvergne-Rhone-Alpes,Boutique,4,11.90,47.60
2025-09-24,Carnet A5,Papeterie,Bretagne,Boutique,4,6.90,27.60
2025-09-24,Casquette,Accessoires,Bretagne,Boutique,1,14.50,14.50
2025-09-24,Carnet A5,Papeterie,Hauts-de-France,Site web,2,6.90,13.80
2025-09-24,Chaussettes,Vetements,Pays-de-la-Loire,Site web,8,7.50,60.00
2025-09-25,Toupie en bois,Jouet,Bretagne,Site web,3,2.50,7.50
2025-09-26,Chaussettes,Vetements,Auvergne-Rhone-Alpes,Site web,9,7.50,67.50
2025-09-26,Tote bag,Accessoires,Auvergne-Rhone-Alpes,Site web,3,8.50,25.50
2025-09-26,Gourde inox,Accessoires,Grand Est,Site web,7,12.00,84.00
2025-09-26,Stylo gel,Papeterie,Ile-de-France,Site web,6,2.50,15.00
2025-09-27,Gourde inox,Accessoires,Corse,Boutique,7,12.00,84.00
2025-09-27,Tote bag,Accessoires,Hauts-de-France,Site web,5,8.50,42.50
2025-09-27,Sweat a capuche,Vetements,Ile-de-France,Boutique,5,39.90,199.50
2025-09-27,Casquette,Accessoires,Nouvelle-Aquitaine,Boutique,8,14.50,116.00
2025-09-27,Mug ceramique,Maison,Nouvelle-Aquitaine,Site web,1,11.90,11.90
2025-09-27,Sweat a capuche,Vetements,Pays-de-la-Loire,Boutique,5,39.90,199.50
2025-09-28,Chaussettes,Vetements,Bourgogne-Franche-Comte,Boutique,4,7.50,30.00
2025-09-28,Chaussettes,Vetements,Bretagne,Boutique,4,7.50,30.00
2025-09-28,Mug ceramique,Maison,Centre-Val de Loire,Boutique,3,11.90,35.70
2025-09-28,Carnet A5,Papeterie,Ile-de-France,Site web,7,6.90,48.30
2025-09-28,Stylo gel,Papeterie,Normandie,Site web,3,2.50,7.50
2025-09-28,Gourde inox,Accessoires,Occitanie,Site web,3,12.00,36.00
2025-09-28,Stylo gel,Papeterie,Occitanie,Site web,2,2.50,5.00
2025-09-28,Mug ceramique,Maison,Provence-Alpes-Cote d'Azur,Site web,6,11.90,71.40
2025-09-29,Poster A2,Maison,Auvergne-Rhone-Alpes,Site web,3,9.90,29.70
2025-09-29,Sweat a capuche,Vetements,Auvergne-Rhone-Alpes,Site web,6,39.90,239.40
2025-09-29,Tote bag,Accessoires,Centre-Val de Loire,Site web,3,8.50,25.50
2025-09-29,Casquette,Accessoires,Hauts-de-France,Site web,1,14.50,14.50
2025-09-29,Gourde inox,Accessoires,Ile-de-France,Site web,8,12.00,96.00
2025-09-29,Chaussettes,Vetements,Pays-de-la-Loire,Boutique,10,7.50,75.00
2025-09-29,Poster A2,Maison,Pays-de-la-Loire,Site web,3,9.90,29.70
2025-09-30,Carnet A5,Papeterie,Bretagne,Site web,4,6.90,27.60
2025-09-30,T-shirt logo,Vetements,Grand Est,Boutique,7,19.90,139.30
2025-10-01,Poster A2,Maison,Centre-Val de Loire,Boutique,4,9.90,39.60
2025-10-02,Mug ceramique,Maison,Auvergne-Rhone-Alpes,Site web,3,11.90,35.70
2025-10-02,Poster A2,Maison,Bretagne,Site web,2,9.90,19.80
2025-10-02,Casquette,Accessoires,Normandie,Boutique,3,14.50,43.50
2025-10-02,T-shirt logo,Vetements,Normandie,Boutique,1,19.90,19.90
2025-10-02,Sweat a capuche,Vetements,Provence-Alpes-Cote d'Azur,Boutique,3,39.90,119.70
2025-10-03,Mug ceramique,Maison,Bretagne,Site web,6,11.90,71.40
2025-10-03,Sweat a capuche,Vetements,Hauts-de-France,Site web,3,39.90,119.70
2025-10-03,Sweat a capuche,Vetements,Nouvelle-Aquitaine,Site web,4,39.90,159.60
2025-10-03,Tote bag,Accessoires,Nouvelle-Aquitaine,Site web,1,8.50,8.50
2025-10-03,Carnet A5,Papeterie,Pays-de-la-Loire,Site web,2,6.90,13.80
2025-10-03,Casquette,Accessoires,Pays-de-la-Loire,Boutique,7,14.50,101.50
2025-10-04,Chaussettes,Vetements,Auvergne-Rhone-Alpes,Boutique,5,7.50,37.50
2025-10-04,Carnet A5,Papeterie,Bourgogne-Franche-Comte,Boutique,1,6.90,6.90
2025-10-04,Casquette,Accessoires,Bretagne,Boutique,1,14.50,14.50
2025-10-04,Poster A2,Maison,Nouvelle-Aquitaine,Boutique,4,9.90,39.60
2025-10-04,Stylo gel,Papeterie,Provence-Alpes-Cote d'Azur,Site web,1,2.50,2.50
2025-10-05,Poster A2,Maison,Bourgogne-Franche-Comte,Boutique,2,9.90,19.80
2025-10-05,Stylo gel,Papeterie,Centre-Val de Loire,Site web,3,2.50,7.50
2025-10-05,Poster A2,Maison,Grand Est,Site web,7,9.90,69.30
2025-10-05,Sweat a capuche,Vetements,Nouvelle-Aquitaine,Boutique,3,39.90,119.70
2025-10-05,Chaussettes,Vetements,Occitanie,Boutique,5,7.50,37.50
2025-10-05,Poster A2,Maison,Pays-de-la-Loire,Boutique,3,9.90,29.70
2025-10-06,Poster A2,Maison,Bretagne,Boutique,9,9.90,89.10
2025-10-06,Casquette,Accessoires,Grand Est,Boutique,8,14.50,116.00
2025-10-06,Tote bag,Accessoires,Hauts-de-France,Site web,8,8.50,68.00
2025-10-06,Chaussettes,Vetements,Nouvelle-Aquitaine,Site web,5,7.50,37.50
2025-10-06,Sweat a capuche,Vetements,Provence-Alpes-Cote d'Azur,Site web,5,39.90,199.50
2025-10-07,Carnet A5,Papeterie,Bourgogne-Franche-Comte,Site web,6,6.90,41.40
2025-10-07,Sweat a capuche,Vetements,Bourgogne-Franche-Comte,Boutique,5,39.90,199.50
2025-10-07,Mug ceramique,Maison,Corse,Site web,3,11.90,35.70
2025-10-07,Puzzle 100 pieces,Jouet,Ile-de-France,Boutique,3,6.90,20.70
2025-10-07,Poster A2,Maison,Nouvelle-Aquitaine,Boutique,1,9.90,9.90
2025-10-07,Stylo gel,Papeterie,Pays-de-la-Loire,Site web,8,2.50,20.00
2025-10-08,Sweat a capuche,Vetements,Occitanie,Site web,4,39.90,159.60
2025-10-08,T-shirt logo,Vetements,Occitanie,Site web,1,19.90,19.90
2025-10-08,Chaussettes,Vetements,Provence-Alpes-Cote d'Azur,Site web,6,7.50,45.00
2025-10-09,Stylo gel,Papeterie,Auvergne-Rhone-Alpes,Site web,4,2.50,10.00
2025-10-09,Chaussettes,Vetements,Centre-Val de Loire,Boutique,3,7.50,22.50
2025-10-09,T-shirt logo,Vetements,Occitanie,Site web,5,19.90,99.50
2025-10-09,Poster A2,Maison,Pays-de-la-Loire,Boutique,5,9.90,49.50
2025-10-10,T-shirt logo,Vetements,Ile-de-France,Site web,7,19.90,139.30
2025-10-10,Gourde inox,Accessoires,Normandie,Site web,2,12.00,24.00
2025-10-11,Stylo gel,Papeterie,Auvergne-Rhone-Alpes,Boutique,10,2.50,25.00
2025-10-11,Poster A2,Maison,Bretagne,Boutique,3,9.90,29.70
2025-10-11,Sweat a capuche,Vetements,Centre-Val de Loire,Site web,6,39.90,239.40
2025-10-11,T-shirt logo,Vetements,Ile-de-France,Boutique,7,19.90,139.30
2025-10-11,Carnet A5,Papeterie,Nouvelle-Aquitaine,Boutique,6,6.90,41.40
2025-10-11,Chaussettes,Vetements,Provence-Alpes-Cote d'Azur,Boutique,9,7.50,67.50
2025-10-12,Sweat a capuche,Vetements,Centre-Val de Loire,Boutique,4,39.90,159.60
2025-10-12,Sweat a capuche,Vetements,Ile-de-France,Site web,2,39.90,79.80
2025-10-12,Gourde inox,Accessoires,Occitanie,Site web,2,12.00,24.00
2025-10-12,Carnet A5,Papeterie,Pays-de-la-Loire,Site web,6,6.90,41.40
2025-10-12,T-shirt logo,Vetements,Pays-de-la-Loire,Site web,2,19.90,39.80
2025-10-13,Casquette,Accessoires,Bretagne,Boutique,2,14.50,29.00
2025-10-13,Poster A2,Maison,Centre-Val de Loire,Site web,7,9.90,69.30
2025-10-13,Tote bag,Accessoires,Normandie,Site web,1,8.50,8.50
2025-10-13,Carnet A5,Papeterie,Occitanie,Boutique,3,6.90,20.70
2025-10-13,Gourde inox,Accessoires,Provence-Alpes-Cote d'Azur,Boutique,3,12.00,36.00
2025-10-14,Gourde inox,Accessoires,Bretagne,Site web,7,12.00,84.00
2025-10-14,Chaussettes,Vetements,Normandie,Boutique,8,7.50,60.00
2025-10-14,Mug ceramique,Maison,Normandie,Site web,3,11.90,35.70
2025-10-14,Tote bag,Accessoires,Provence-Alpes-Cote d'Azur,Site web,6,8.50,51.00
2025-10-15,Tote bag,Accessoires,Auvergne-Rhone-Alpes,Site web,4,8.50,34.00
2025-10-15,Carnet A5,Papeterie,Bourgogne-Franche-Comte,Site web,3,6.90,20.70
2025-10-15,Chaussettes,Vetements,Bourgogne-Franche-Comte,Boutique,4,7.50,30.00
2025-10-15,Gourde inox,Accessoires,Pays-de-la-Loire,Boutique,6,12.00,72.00
2025-10-16,Sweat a capuche,Vetements,Bretagne,Boutique,4,39.90,159.60
2025-10-16,Carnet A5,Papeterie,Occitanie,Site web,4,6.90,27.60
2025-10-16,Sweat a capuche,Vetements,Pays-de-la-Loire,Boutique,3,39.90,119.70
2025-10-17,T-shirt logo,Vetements,Auvergne-Rhone-Alpes,Boutique,1,19.90,19.90
2025-10-17,Gourde inox,Accessoires,Bourgogne-Franche-Comte,Site web,2,12.00,24.00
2025-10-17,Poster A2,Maison,Bourgogne-Franche-Comte,Site web,6,9.90,59.40
2025-10-17,Tote bag,Accessoires,Grand Est,Site web,1,8.50,8.50
2025-10-17,Chaussettes,Vetements,Normandie,Boutique,1,7.50,7.50
2025-10-17,Gourde inox,Accessoires,Normandie,Site web,4,12.00,48.00
2025-10-17,Casquette,Accessoires,Nouvelle-Aquitaine,Site web,5,14.50,72.50
2025-10-18,Carnet A5,Papeterie,Hauts-de-France,Boutique,1,6.90,6.90
2025-10-18,Casquette,Accessoires,Pays-de-la-Loire,Boutique,2,14.50,29.00
2025-10-18,Tote bag,Accessoires,Pays-de-la-Loire,Boutique,2,8.50,17.00
2025-10-19,Carnet A5,Papeterie,Bretagne,Site web,6,6.90,41.40
2025-10-19,Gourde inox,Accessoires,Corse,Site web,6,12.00,72.00
2025-10-19,Gourde inox,Accessoires,Grand Est,Boutique,1,12.00,12.00
2025-10-19,Carnet A5,Papeterie,Ile-de-France,Site web,6,6.90,41.40
2025-10-19,Carnet A5,Papeterie,Normandie,Boutique,6,6.90,41.40
2025-10-19,Carnet A5,Papeterie,Normandie,Boutique,4,6.90,27.60
2025-10-19,Mug ceramique,Maison,Normandie,Boutique,2,11.90,23.80
2025-10-19,Sweat a capuche,Vetements,Occitanie,Boutique,2,39.90,79.80
2025-10-19,Chaussettes,Vetements,Provence-Alpes-Cote d'Azur,Boutique,7,7.50,52.50
2025-10-20,Poster A2,Maison,Hauts-de-France,Site web,6,9.90,59.40
2025-10-20,Toupie en bois,Jouet,Normandie,Site web,2,2.50,5.00
2025-10-20,Gourde inox,Accessoires,Nouvelle-Aquitaine,Site web,1,12.00,12.00
2025-10-22,Poster A2,Maison,Auvergne-Rhone-Alpes,Boutique,4,9.90,39.60
2025-10-22,Puzzle 100 pieces,Jouet,Bourgogne-Franche-Comte,Site web,3,6.90,20.70
2025-10-22,Stylo gel,Papeterie,Bourgogne-Franche-Comte,Site web,1,2.50,2.50
2025-10-22,Mug ceramique,Maison,Bretagne,Site web,2,11.90,23.80
2025-10-22,Poster A2,Maison,Bretagne,Boutique,6,9.90,59.40
2025-10-22,Gourde inox,Accessoires,Grand Est,Site web,4,12.00,48.00
2025-10-22,Poster A2,Maison,Nouvelle-Aquitaine,Boutique,1,9.90,9.90
2025-10-22,Poster A2,Maison,Pays-de-la-Loire,Boutique,6,9.90,59.40
2025-10-23,T-shirt logo,Vetements,Occitanie,Site web,7,19.90,139.30
2025-10-23,Sweat a capuche,Vetements,Provence-Alpes-Cote d'Azur,Boutique,5,39.90,199.50
2025-10-24,Carnet A5,Papeterie,Bretagne,Boutique,1,6.90,6.90
2025-10-24,T-shirt logo,Vetements,Centre-Val de Loire,Boutique,1,19.90,19.90
2025-10-24,Toupie en bois,Jouet,Grand Est,Site web,3,2.50,7.50
2025-10-24,Sweat a capuche,Vetements,Ile-de-France,Site web,3,39.90,119.70
2025-10-24,Chaussettes,Vetements,Normandie,Boutique,8,7.50,60.00
2025-10-24,Sweat a capuche,Vetements,Normandie,Site web,6,39.90,239.40
2025-10-24,Sweat a capuche,Vetements,Normandie,Site web,5,39.90,199.50
2025-10-24,Mug ceramique,Maison,Occitanie,Site web,6,11.90,71.40
2025-10-24,Gourde inox,Accessoires,Provence-Alpes-Cote d'Azur,Site web,4,12.00,48.00
2025-10-25,Sweat a capuche,Vetements,Auvergne-Rhone-Alpes,Site web,6,39.90,239.40
2025-10-25,Carnet A5,Papeterie,Bretagne,Site web,1,6.90,6.90
2025-10-25,Poster A2,Maison,Bretagne,Site web,2,9.90,19.80
2025-10-25,Poster A2,Maison,Bretagne,Site web,3,9.90,29.70
2025-10-25,Chaussettes,Vetements,Hauts-de-France,Boutique,5,7.50,37.50
2025-10-25,T-shirt logo,Vetements,Hauts-de-France,Site web,1,19.90,19.90
2025-10-25,Chaussettes,Vetements,Ile-de-France,Site web,3,7.50,22.50
2025-10-25,Mug ceramique,Maison,Pays-de-la-Loire,Site web,7,11.90,83.30
2025-10-26,Mug ceramique,Maison,Bretagne,Site web,6,11.90,71.40
2025-10-26,Casquette,Accessoires,Centre-Val de Loire,Boutique,4,14.50,58.00
2025-10-26,Gourde inox,Accessoires,Grand Est,Boutique,5,12.00,60.00
2025-10-26,T-shirt logo,Vetements,Grand Est,Boutique,7,19.90,139.30
2025-10-26,Sweat a capuche,Vetements,Hauts-de-France,Boutique,7,39.90,279.30
2025-10-26,Sweat a capuche,Vetements,Ile-de-France,Boutique,2,39.90,79.80
2025-10-26,T-shirt logo,Vetements,Nouvelle-Aquitaine,Site web,2,19.90,39.80
2025-10-26,Poster A2,Maison,Provence-Alpes-Cote d'Azur,Site web,3,9.90,29.70
2025-10-27,Sweat a capuche,Vetements,Bourgogne-Franche-Comte,Site web,1,39.90,39.90
2025-10-27,Carnet A5,Papeterie,Bretagne,Site web,1,6.90,6.90
2025-10-27,Gourde inox,Accessoires,Nouvelle-Aquitaine,Boutique,1,12.00,12.00
2025-10-27,Stylo gel,Papeterie,Pays-de-la-Loire,Boutique,7,2.50,17.50
2025-10-27,Tote bag,Accessoires,Provence-Alpes-Cote d'Azur,Boutique,2,8.50,17.00
2025-10-28,Mug ceramique,Maison,Auvergne-Rhone-Alpes,Site web,1,11.90,11.90
2025-10-28,Tote bag,Accessoires,Bretagne,Site web,5,8.50,42.50
2025-10-28,T-shirt logo,Vetements,Grand Est,Boutique,1,19.90,19.90
2025-10-28,T-shirt logo,Vetements,Hauts-de-France,Boutique,4,19.90,79.60
2025-10-28,Sweat a capuche,Vetements,Ile-de-France,Site web,1,39.90,39.90
2025-10-28,Gourde inox,Accessoires,Normandie,Boutique,4,12.00,48.00
2025-10-28,Sweat a capuche,Vetements,Pays-de-la-Loire,Site web,3,39.90,119.70
2025-10-29,Casquette,Accessoires,Centre-Val de Loire,Site web,2,14.50,29.00
2025-10-29,Poster A2,Maison,Hauts-de-France,Site web,5,9.90,49.50
2025-10-29,Sweat a capuche,Vetements,Hauts-de-France,Site web,6,39.90,239.40
2025-10-29,Chaussettes,Vetements,Normandie,Boutique,4,7.50,30.00
2025-10-29,Stylo gel,Papeterie,Occitanie,Boutique,5,2.50,12.50
2025-10-29,Chaussettes,Vetements,Pays-de-la-Loire,Site web,2,7.50,15.00
2025-10-30,Gourde inox,Accessoires,Centre-Val de Loire,Site web,1,12.00,12.00
2025-10-30,Tote bag,Accessoires,Normandie,Boutique,4,8.50,34.00
2025-10-30,Carnet A5,Papeterie,Pays-de-la-Loire,Boutique,6,6.90,41.40
2025-10-30,Tote bag,Accessoires,Pays-de-la-Loire,Site web,1,8.50,8.50
2025-10-30,Carnet A5,Papeterie,Provence-Alpes-Cote d'Azur,Boutique,7,6.90,48.30
2025-10-31,Chaussettes,Vetements,Auvergne-Rhone-Alpes,Boutique,6,7.50,45.00
2025-10-31,Tote bag,Accessoires,Centre-Val de Loire,Boutique,10,8.50,85.00
2025-10-31,Chaussettes,Vetements,Grand Est,Site web,5,7.50,37.50
2025-10-31,Chaussettes,Vetements,Hauts-de-France,Site web,2,7.50,15.00
2025-10-31,Sweat a capuche,Vetements,Hauts-de-France,Boutique,3,39.90,119.70
2025-10-31,Chaussettes,Vetements,Nouvelle-Aquitaine,Site web,5,7.50,37.50
2025-10-31,Stylo gel,Papeterie,Pays-de-la-Loire,Site web,6,2.50,15.00
2025-10-31,Poster A2,Maison,Provence-Alpes-Cote d'Azur,Boutique,7,9.90,69.30
2025-11-01,Sweat a capuche,Vetements,Centre-Val de Loire,Site web,5,39.90,199.50
2025-11-01,Carnet A5,Papeterie,Hauts-de-France,Boutique,3,6.90,20.70
2025-11-01,Carnet A5,Papeterie,Hauts-de-France,Site web,5,6.90,34.50
2025-11-01,Casquette,Accessoires,Ile-de-France,Site web,3,14.50,43.50
2025-11-01,Sweat a capuche,Vetements,Ile-de-France,Boutique,7,39.90,279.30
2025-11-01,Sweat a capuche,Vetements,Ile-de-France,Site web,2,39.90,79.80
2025-11-02,Mug ceramique,Maison,Bourgogne-Franche-Comte,Boutique,5,11.90,59.50
2025-11-02,Tote bag,Accessoires,Bretagne,Boutique,10,8.50,85.00
2025-11-02,Sweat a capuche,Vetements,Hauts-de-France,Boutique,1,39.90,39.90
2025-11-02,Casquette,Accessoires,Ile-de-France,Boutique,4,14.50,58.00
2025-11-02,Gourde inox,Accessoires,Normandie,Boutique,2,12.00,24.00
2025-11-02,Sweat a capuche,Vetements,Normandie,Boutique,10,39.90,399.00
2025-11-02,Chaussettes,Vetements,Pays-de-la-Loire,Boutique,5,7.50,37.50
2025-11-03,Chaussettes,Vetements,Auvergne-Rhone-Alpes,Boutique,10,7.50,75.00
2025-11-03,Stylo gel,Papeterie,Bretagne,Site web,1,2.50,2.50
2025-11-03,Stylo gel,Papeterie,Ile-de-France,Site web,2,2.50,5.00
2025-11-03,Puzzle 100 pieces,Jouet,Occitanie,Boutique,4,6.90,27.60
2025-11-04,Poster A2,Maison,Bourgogne-Franche-Comte,Site web,4,9.90,39.60
2025-11-04,Puzzle 100 pieces,Jouet,Bourgogne-Franche-Comte,Boutique,5,6.90,34.50
2025-11-04,Sweat a capuche,Vetements,Bourgogne-Franche-Comte,Site web,7,39.90,279.30
2025-11-04,Casquette,Accessoires,Ile-de-France,Boutique,2,14.50,29.00
2025-11-04,Poster A2,Maison,Nouvelle-Aquitaine,Boutique,6,9.90,59.40
2025-11-04,Tote bag,Accessoires,Nouvelle-Aquitaine,Boutique,6,8.50,51.00
2025-11-04,Sweat a capuche,Vetements,Pays-de-la-Loire,Site web,5,39.90,199.50
2025-11-04,Tote bag,Accessoires,Pays-de-la-Loire,Site web,1,8.50,8.50
2025-11-04,T-shirt logo,Vetements,Provence-Alpes-Cote d'Azur,Boutique,6,19.90,119.40
2025-11-05,Gourde inox,Accessoires,Bretagne,Site web,2,12.00,24.00
2025-11-05,T-shirt logo,Vetements,Normandie,Site web,3,19.90,59.70
2025-11-05,Sweat a capuche,Vetements,Pays-de-la-Loire,Site web,4,39.90,159.60
2025-11-06,T-shirt logo,Vetements,Ile-de-France,Boutique,2,19.90,39.80
2025-11-06,Casquette,Accessoires,Pays-de-la-Loire,Boutique,3,14.50,43.50
2025-11-06,Casquette,Accessoires,Pays-de-la-Loire,Boutique,3,14.50,43.50
2025-11-06,Sweat a capuche,Vetements,Pays-de-la-Loire,Site web,5,39.90,199.50
2025-11-07,Gourde inox,Accessoires,Centre-Val de Loire,Boutique,4,12.00,48.00
2025-11-07,Poster A2,Maison,Centre-Val de Loire,Site web,2,9.90,19.80
2025-11-07,Carnet A5,Papeterie,Grand Est,Boutique,9,6.90,62.10
2025-11-07,Tote bag,Accessoires,Grand Est,Boutique,2,8.50,17.00
2025-11-07,Chaussettes,Vetements,Occitanie,Boutique,8,7.50,60.00
2025-11-08,Sweat a capuche,Vetements,Bourgogne-Franche-Comte,Site web,3,39.90,119.70
2025-11-08,Poster A2,Maison,Hauts-de-France,Site web,6,9.90,59.40
2025-11-08,T-shirt logo,Vetements,Hauts-de-France,Site web,1,19.90,19.90
2025-11-08,Tote bag,Accessoires,Hauts-de-France,Site web,5,8.50,42.50
2025-11-08,Sweat a capuche,Vetements,Nouvelle-Aquitaine,Site web,4,39.90,159.60
2025-11-08,T-shirt logo,Vetements,Nouvelle-Aquitaine,Site web,6,19.90,119.40
2025-11-08,Tote bag,Accessoires,Nouvelle-Aquitaine,Site web,6,8.50,51.00
2025-11-08,Casquette,Accessoires,Provence-Alpes-Cote d'Azur,Boutique,1,14.50,14.50
2025-11-08,Mug ceramique,Maison,Provence-Alpes-Cote d'Azur,Boutique,1,11.90,11.90
2025-11-08,Toupie en bois,Jouet,Provence-Alpes-Cote d'Azur,Boutique,5,2.50,12.50
2025-11-09,Casquette,Accessoires,Auvergne-Rhone-Alpes,Boutique,5,14.50,72.50
2025-11-09,Poster A2,Maison,Auvergne-Rhone-Alpes,Site web,3,9.90,29.70
2025-11-09,T-shirt logo,Vetements,Auvergne-Rhone-Alpes,Site web,4,19.90,79.60
2025-11-09,Chaussettes,Vetements,Bourgogne-Franche-Comte,Boutique,10,7.50,75.00
2025-11-09,Poster A2,Maison,Corse,Boutique,4,9.90,39.60
2025-11-09,T-shirt logo,Vetements,Grand Est,Site web,4,19.90,79.60
2025-11-09,Chaussettes,Vetements,Ile-de-France,Site web,3,7.50,22.50
2025-11-09,Casquette,Accessoires,Occitanie,Site web,6,14.50,87.00
2025-11-09,Chaussettes,Vetements,Provence-Alpes-Cote d'Azur,Site web,1,7.50,7.50
2025-11-10,Stylo gel,Papeterie,Bourgogne-Franche-Comte,Site web,8,2.50,20.00
2025-11-10,Gourde inox,Accessoires,Bretagne,Site web,7,12.00,84.00
2025-11-10,Mug ceramique,Maison,Centre-Val de Loire,Site web,6,11.90,71.40
2025-11-10,Poster A2,Maison,Centre-Val de Loire,Boutique,1,9.90,9.90
2025-11-10,Mug ceramique,Maison,Grand Est,Site web,4,11.90,47.60
2025-11-10,Poster A2,Maison,Hauts-de-France,Boutique,9,9.90,89.10
2025-11-10,Casquette,Accessoires,Ile-de-France,Site web,1,14.50,14.50
2025-11-10,Puzzle 100 pieces,Jouet,Normandie,Boutique,6,6.90,41.40
2025-11-10,Tote bag,Accessoires,Nouvelle-Aquitaine,Boutique,7,8.50,59.50
2025-11-10,Gourde inox,Accessoires,Pays-de-la-Loire,Site web,5,12.00,60.00
2025-11-10,Poster A2,Maison,Provence-Alpes-Cote d'Azur,Boutique,3,9.90,29.70
2025-11-11,Chaussettes,Vetements,Grand Est,Boutique,3,7.50,22.50
2025-11-11,T-shirt logo,Vetements,Grand Est,Boutique,3,19.90,59.70
2025-11-11,Carnet A5,Papeterie,Ile-de-France,Site web,2,6.90,13.80
2025-11-11,Tote bag,Accessoires,Ile-de-France,Site web,2,8.50,17.00
2025-11-11,Casquette,Accessoires,Normandie,Site web,6,14.50,87.00
2025-11-11,Gourde inox,Accessoires,Occitanie,Site web,3,12.00,36.00
2025-11-12,Chaussettes,Vetements,Ile-de-France,Site web,3,7.50,22.50
2025-11-12,Tote bag,Accessoires,Occitanie,Site web,1,8.50,8.50
2025-11-12,Sweat a capuche,Vetements,Pays-de-la-Loire,Site web,5,39.90,199.50
2025-11-12,Sweat a capuche,Vetements,Pays-de-la-Loire,Boutique,5,39.90,199.50
2025-11-12,Tote bag,Accessoires,Provence-Alpes-Cote d'Azur,Site web,9,8.50,76.50
2025-11-13,Gourde inox,Accessoires,Bretagne,Site web,1,12.00,12.00
2025-11-13,Chaussettes,Vetements,Ile-de-France,Site web,4,7.50,30.00
2025-11-13,Poster A2,Maison,Occitanie,Site web,2,9.90,19.80
2025-11-14,Mug ceramique,Maison,Auvergne-Rhone-Alpes,Site web,5,11.90,59.50
2025-11-14,T-shirt logo,Vetements,Auvergne-Rhone-Alpes,Boutique,1,19.90,19.90
2025-11-14,Casquette,Accessoires,Grand Est,Site web,5,14.50,72.50
2025-11-14,Stylo gel,Papeterie,Ile-de-France,Site web,5,2.50,12.50
2025-11-14,Gourde inox,Accessoires,Normandie,Site web,1,12.00,12.00
2025-11-14,Mug ceramique,Maison,Normandie,Boutique,2,11.90,23.80
2025-11-14,T-shirt logo,Vetements,Occitanie,Boutique,7,19.90,139.30
2025-11-14,Sweat a capuche,Vetements,Provence-Alpes-Cote d'Azur,Boutique,4,39.90,159.60
2025-11-15,Casquette,Accessoires,Bourgogne-Franche-Comte,Site web,6,14.50,87.00
2025-11-15,Poster A2,Maison,Bourgogne-Franche-Comte,Boutique,4,9.90,39.60
2025-11-15,Mug ceramique,Maison,Bretagne,Site web,4,11.90,47.60
2025-11-15,Mug ceramique,Maison,Bretagne,Site web,3,11.90,35.70
2025-11-15,Gourde inox,Accessoires,Centre-Val de Loire,Site web,1,12.00,12.00
2025-11-15,Tote bag,Accessoires,Ile-de-France,Boutique,8,8.50,68.00
2025-11-15,Chaussettes,Vetements,Occitanie,Boutique,10,7.50,75.00
2025-11-15,Casquette,Accessoires,Provence-Alpes-Cote d'Azur,Site web,2,14.50,29.00
2025-11-16,Sweat a capuche,Vetements,Auvergne-Rhone-Alpes,Site web,7,39.90,279.30
2025-11-16,Poster A2,Maison,Centre-Val de Loire,Boutique,1,9.90,9.90
2025-11-16,Mug ceramique,Maison,Ile-de-France,Site web,6,11.90,71.40
2025-11-16,Gourde inox,Accessoires,Normandie,Site web,1,12.00,12.00
2025-11-16,Poster A2,Maison,Occitanie,Site web,3,9.90,29.70
2025-11-17,Puzzle 100 pieces,Jouet,Bourgogne-Franche-Comte,Boutique,4,6.90,27.60
2025-11-17,Sweat a capuche,Vetements,Bourgogne-Franche-Comte,Boutique,7,39.90,279.30
2025-11-17,Sweat a capuche,Vetements,Hauts-de-France,Boutique,2,39.90,79.80
2025-11-17,T-shirt logo,Vetements,Hauts-de-France,Boutique,2,19.90,39.80
2025-11-17,Chaussettes,Vetements,Normandie,Site web,5,7.50,37.50
2025-11-18,Tote bag,Accessoires,Bretagne,Site web,7,8.50,59.50
2025-11-18,Mug ceramique,Maison,Hauts-de-France,Site web,5,11.90,59.50
2025-11-18,Puzzle 100 pieces,Jouet,Hauts-de-France,Boutique,7,6.90,48.30
2025-11-18,Tote bag,Accessoires,Occitanie,Site web,7,8.50,59.50
2025-11-19,Gourde inox,Accessoires,Bretagne,Site web,1,12.00,12.00
2025-11-19,Carnet A5,Papeterie,Hauts-de-France,Boutique,8,6.90,55.20
2025-11-19,Gourde inox,Accessoires,Hauts-de-France,Boutique,5,12.00,60.00
2025-11-20,Gourde inox,Accessoires,Bretagne,Boutique,1,12.00,12.00
2025-11-20,Casquette,Accessoires,Hauts-de-France,Site web,5,14.50,72.50
2025-11-20,Toupie en bois,Jouet,Hauts-de-France,Boutique,4,2.50,10.00
2025-11-21,Carnet A5,Papeterie,Auvergne-Rhone-Alpes,Site web,8,6.90,55.20
2025-11-21,Casquette,Accessoires,Bretagne,Boutique,2,14.50,29.00
2025-11-21,Tote bag,Accessoires,Bretagne,Site web,8,8.50,68.00
2025-11-21,Chaussettes,Vetements,Hauts-de-France,Boutique,2,7.50,15.00
2025-11-21,Poster A2,Maison,Hauts-de-France,Site web,5,9.90,49.50
2025-11-21,Casquette,Accessoires,Occitanie,Site web,5,14.50,72.50
2025-11-21,Tote bag,Accessoires,Pays-de-la-Loire,Site web,10,8.50,85.00
2025-11-22,Carnet A5,Papeterie,Hauts-de-France,Boutique,8,6.90,55.20
2025-11-23,Carnet A5,Papeterie,Bourgogne-Franche-Comte,Boutique,2,6.90,13.80
2025-11-23,Chaussettes,Vetements,Grand Est,Site web,4,7.50,30.00
2025-11-23,Sweat a capuche,Vetements,Grand Est,Boutique,5,39.90,199.50
2025-11-23,Sweat a capuche,Vetements,Hauts-de-France,Boutique,10,39.90,399.00
2025-11-23,T-shirt logo,Vetements,Hauts-de-France,Boutique,2,19.90,39.80
2025-11-23,Tote bag,Accessoires,Normandie,Site web,6,8.50,51.00
2025-11-23,Carnet A5,Papeterie,Occitanie,Site web,1,6.90,6.90
2025-11-23,T-shirt logo,Vetements,Pays-de-la-Loire,Boutique,1,19.90,19.90
2025-11-23,Carnet A5,Papeterie,Provence-Alpes-Cote d'Azur,Site web,3,6.90,20.70
2025-11-23,Mug ceramique,Maison,Provence-Alpes-Cote d'Azur,Site web,9,11.90,107.10
2025-11-23,Mug ceramique,Maison,Provence-Alpes-Cote d'Azur,Site web,6,11.90,71.40
2025-11-24,Sweat a capuche,Vetements,Ile-de-France,Site web,3,39.90,119.70
2025-11-24,Casquette,Accessoires,Occitanie,Site web,5,14.50,72.50
2025-11-24,Chaussettes,Vetements,Occitanie,Boutique,1,7.50,7.50
2025-11-25,Sweat a capuche,Vetements,Bretagne,Site web,4,39.90,159.60
2025-11-25,Gourde inox,Accessoires,Centre-Val de Loire,Boutique,5,12.00,60.00
2025-11-25,Casquette,Accessoires,Hauts-de-France,Site web,2,14.50,29.00
2025-11-25,Sweat a capuche,Vetements,Hauts-de-France,Site web,6,39.90,239.40
2025-11-25,Casquette,Accessoires,Ile-de-France,Site web,5,14.50,72.50
2025-11-25,Tote bag,Accessoires,Normandie,Boutique,1,8.50,8.50
2025-11-25,Mug ceramique,Maison,Pays-de-la-Loire,Boutique,6,11.90,71.40
2025-11-25,T-shirt logo,Vetements,Pays-de-la-Loire,Site web,2,19.90,39.80
2025-11-26,Chaussettes,Vetements,Nouvelle-Aquitaine,Boutique,1,7.50,7.50
2025-11-26,Mug ceramique,Maison,Nouvelle-Aquitaine,Boutique,2,11.90,23.80
2025-11-26,Chaussettes,Vetements,Occitanie,Site web,3,7.50,22.50
2025-11-26,Chaussettes,Vetements,Provence-Alpes-Cote d'Azur,Boutique,3,7.50,22.50
2025-11-27,Gourde inox,Accessoires,Auvergne-Rhone-Alpes,Boutique,6,12.00,72.00
2025-11-27,Gourde inox,Accessoires,Hauts-de-France,Boutique,5,12.00,60.00
2025-11-27,Sweat a capuche,Vetements,Hauts-de-France,Boutique,6,39.90,239.40
2025-11-27,Mug ceramique,Maison,Provence-Alpes-Cote d'Azur,Site web,3,11.90,35.70
2025-11-28,Toupie en bois,Jouet,Bourgogne-Franche-Comte,Site web,2,2.50,5.00
2025-11-28,Gourde inox,Accessoires,Grand Est,Boutique,2,12.00,24.00
2025-11-28,Stylo gel,Papeterie,Normandie,Boutique,3,2.50,7.50
2025-11-28,Toupie en bois,Jouet,Pays-de-la-Loire,Boutique,8,2.50,20.00
2025-11-29,Mug ceramique,Maison,Centre-Val de Loire,Site web,1,11.90,11.90
2025-11-29,Tote bag,Accessoires,Ile-de-France,Site web,5,8.50,42.50
2025-11-29,Tote bag,Accessoires,Normandie,Site web,6,8.50,51.00
2025-11-30,Tote bag,Accessoires,Hauts-de-France,Site web,2,8.50,17.00
2025-11-30,Carnet A5,Papeterie,Occitanie,Boutique,5,6.90,34.50
2025-11-30,Chaussettes,Vetements,Occitanie,Site web,4,7.50,30.00
2025-11-30,T-shirt logo,Vetements,Occitanie,Boutique,10,19.90,199.00
2025-11-30,Sweat a capuche,Vetements,Provence-Alpes-Cote d'Azur,Boutique,6,39.90,239.40
2025-12-01,Sweat a capuche,Vetements,Auvergne-Rhone-Alpes,Site web,6,39.90,239.40
2025-12-01,Sweat a capuche,Vetements,Centre-Val de Loire,Site web,3,39.90,119.70
2025-12-01,Mug ceramique,Maison,Normandie,Site web,1,11.90,11.90
2025-12-02,Carnet A5,Papeterie,Bretagne,Boutique,2,6.90,13.80
2025-12-02,Chaussettes,Vetements,Ile-de-France,Boutique,5,7.50,37.50
2025-12-02,Sweat a capuche,Vetements,Ile-de-France,Boutique,5,39.90,199.50
2025-12-02,Sweat a capuche,Vetements,Occitanie,Boutique,10,39.90,399.00
2025-12-03,Gourde inox,Accessoires,Bretagne,Boutique,1,12.00,12.00
2025-12-03,Sweat a capuche,Vetements,Centre-Val de Loire,Boutique,2,39.90,79.80
2025-12-03,Chaussettes,Vetements,Corse,Boutique,5,7.50,37.50
2025-12-03,T-shirt logo,Vetements,Grand Est,Site web,4,19.90,79.60
2025-12-03,Carnet A5,Papeterie,Normandie,Site web,5,6.90,34.50
2025-12-03,Casquette,Accessoires,Occitanie,Site web,9,14.50,130.50
2025-12-03,Stylo gel,Papeterie,Occitanie,Boutique,2,2.50,5.00
2025-12-04,Stylo gel,Papeterie,Grand Est,Site web,2,2.50,5.00
2025-12-04,Mug ceramique,Maison,Normandie,Site web,5,11.90,59.50
2025-12-04,Tote bag,Accessoires,Provence-Alpes-Cote d'Azur,Boutique,6,8.50,51.00
2025-12-05,Stylo gel,Papeterie,Bretagne,Site web,1,2.50,2.50
2025-12-05,T-shirt logo,Vetements,Bretagne,Boutique,3,19.90,59.70
2025-12-05,T-shirt logo,Vetements,Centre-Val de Loire,Site web,6,19.90,119.40
2025-12-05,Carnet A5,Papeterie,Grand Est,Boutique,4,6.90,27.60
2025-12-05,Chaussettes,Vetements,Grand Est,Boutique,9,7.50,67.50
2025-12-05,Mug ceramique,Maison,Grand Est,Site web,3,11.90,35.70
2025-12-05,Stylo gel,Papeterie,Grand Est,Site web,3,2.50,7.50
2025-12-05,Mug ceramique,Maison,Hauts-de-France,Boutique,3,11.90,35.70
2025-12-05,Tote bag,Accessoires,Ile-de-France,Site web,5,8.50,42.50
2025-12-05,Casquette,Accessoires,Nouvelle-Aquitaine,Boutique,1,14.50,14.50
2025-12-05,Chaussettes,Vetements,Nouvelle-Aquitaine,Boutique,2,7.50,15.00
2025-12-05,Tote bag,Accessoires,Nouvelle-Aquitaine,Site web,4,8.50,34.00
2025-12-05,Sweat a capuche,Vetements,Occitanie,Boutique,2,39.90,79.80
2025-12-06,Puzzle 100 pieces,Jouet,Centre-Val de Loire,Site web,8,6.90,55.20
2025-12-06,Mug ceramique,Maison,Corse,Site web,6,11.90,71.40
2025-12-06,Chaussettes,Vetements,Grand Est,Site web,2,7.50,15.00
2025-12-06,Mug ceramique,Maison,Hauts-de-France,Site web,5,11.90,59.50
2025-12-06,T-shirt logo,Vetements,Normandie,Boutique,1,19.90,19.90
2025-12-06,Poster A2,Maison,Pays-de-la-Loire,Site web,5,9.90,49.50
2025-12-06,Toupie en bois,Jouet,Pays-de-la-Loire,Site web,4,2.50,10.00
2025-12-07,Carnet A5,Papeterie,Centre-Val de Loire,Site web,3,6.90,20.70
2025-12-07,Mug ceramique,Maison,Normandie,Boutique,4,11.90,47.60
2025-12-08,Casquette,Accessoires,Auvergne-Rhone-Alpes,Site web,6,14.50,87.00
2025-12-08,Mug ceramique,Maison,Bretagne,Site web,3,11.90,35.70
2025-12-08,Poster A2,Maison,Centre-Val de Loire,Boutique,3,9.90,29.70
2025-12-08,Poster A2,Maison,Centre-Val de Loire,Boutique,6,9.90,59.40
2025-12-08,Casquette,Accessoires,Hauts-de-France,Site web,6,14.50,87.00
2025-12-08,Chaussettes,Vetements,Hauts-de-France,Site web,10,7.50,75.00
2025-12-08,Gourde inox,Accessoires,Ile-de-France,Site web,7,12.00,84.00
2025-12-08,Gourde inox,Accessoires,Ile-de-France,Site web,1,12.00,12.00
2025-12-08,Stylo gel,Papeterie,Occitanie,Site web,3,2.50,7.50
2025-12-08,Tote bag,Accessoires,Pays-de-la-Loire,Site web,5,8.50,42.50
2025-12-08,Tote bag,Accessoires,Pays-de-la-Loire,Site web,6,8.50,51.00
2025-12-09,Poster A2,Maison,Bourgogne-Franche-Comte,Boutique,6,9.90,59.40
2025-12-09,Poster A2,Maison,Bretagne,Site web,2,9.90,19.80
2025-12-09,Tote bag,Accessoires,Centre-Val de Loire,Boutique,8,8.50,68.00
2025-12-09,Carnet A5,Papeterie,Ile-de-France,Boutique,4,6.90,27.60
2025-12-09,Tote bag,Accessoires,Ile-de-France,Site web,8,8.50,68.00
2025-12-09,Carnet A5,Papeterie,Normandie,Boutique,4,6.90,27.60
2025-12-09,Gourde inox,Accessoires,Nouvelle-Aquitaine,Boutique,2,12.00,24.00
2025-12-09,Tote bag,Accessoires,Pays-de-la-Loire,Site web,8,8.50,68.00
2025-12-10,Gourde inox,Accessoires,Bretagne,Boutique,8,12.00,96.00
2025-12-10,Poster A2,Maison,Grand Est,Site web,6,9.90,59.40
2025-12-10,Tote bag,Accessoires,Ile-de-France,Site web,5,8.50,42.50
2025-12-10,Tote bag,Accessoires,Ile-de-France,Site web,1,8.50,8.50
2025-12-10,Stylo gel,Papeterie,Nouvelle-Aquitaine,Boutique,6,2.50,15.00
2025-12-10,Stylo gel,Papeterie,Occitanie,Boutique,2,2.50,5.00
2025-12-10,Poster A2,Maison,Pays-de-la-Loire,Boutique,5,9.90,49.50
2025-12-10,T-shirt logo,Vetements,Pays-de-la-Loire,Site web,7,19.90,139.30
2025-12-10,Chaussettes,Vetements,Provence-Alpes-Cote d'Azur,Boutique,5,7.50,37.50
2025-12-11,Poster A2,Maison,Auvergne-Rhone-Alpes,Boutique,5,9.90,49.50
2025-12-11,Puzzle 100 pieces,Jouet,Grand Est,Site web,2,6.90,13.80
2025-12-11,Stylo gel,Papeterie,Hauts-de-France,Site web,2,2.50,5.00
2025-12-11,Tote bag,Accessoires,Hauts-de-France,Site web,1,8.50,8.50
2025-12-11,Casquette,Accessoires,Nouvelle-Aquitaine,Boutique,6,14.50,87.00
2025-12-11,Gourde inox,Accessoires,Pays-de-la-Loire,Site web,4,12.00,48.00
2025-12-11,Sweat a capuche,Vetements,Pays-de-la-Loire,Boutique,5,39.90,199.50
2025-12-12,Sweat a capuche,Vetements,Auvergne-Rhone-Alpes,Site web,1,39.90,39.90
2025-12-12,Chaussettes,Vetements,Bourgogne-Franche-Comte,Boutique,5,7.50,37.50
2025-12-12,Sweat a capuche,Vetements,Hauts-de-France,Boutique,4,39.90,159.60
2025-12-12,Sweat a capuche,Vetements,Normandie,Site web,7,39.90,279.30
2025-12-12,Chaussettes,Vetements,Nouvelle-Aquitaine,Boutique,4,7.50,30.00
2025-12-12,Tote bag,Accessoires,Nouvelle-Aquitaine,Boutique,3,8.50,25.50
2025-12-12,Tote bag,Accessoires,Occitanie,Site web,4,8.50,34.00
2025-12-12,Poster A2,Maison,Provence-Alpes-Cote d'Azur,Boutique,2,9.90,19.80
2025-12-12,T-shirt logo,Vetements,Provence-Alpes-Cote d'Azur,Site web,3,19.90,59.70
2025-12-12,Tote bag,Accessoires,Provence-Alpes-Cote d'Azur,Boutique,3,8.50,25.50
2025-12-13,Tote bag,Accessoires,Bourgogne-Franche-Comte,Site web,2,8.50,17.00
2025-12-13,Sweat a capuche,Vetements,Grand Est,Site web,8,39.90,319.20
2025-12-13,T-shirt logo,Vetements,Pays-de-la-Loire,Boutique,6,19.90,119.40
2025-12-14,Mug ceramique,Maison,Bretagne,Boutique,2,11.90,23.80
2025-12-14,Sweat a capuche,Vetements,Bretagne,Site web,3,39.90,119.70
2025-12-14,Carnet A5,Papeterie,Grand Est,Site web,5,6.90,34.50
2025-12-14,Sweat a capuche,Vetements,Grand Est,Boutique,2,39.90,79.80
2025-12-14,Poster A2,Maison,Hauts-de-France,Site web,1,9.90,9.90
2025-12-14,Poster A2,Maison,Nouvelle-Aquitaine,Boutique,6,9.90,59.40
2025-12-15,Stylo gel,Papeterie,Auvergne-Rhone-Alpes,Site web,4,2.50,10.00
2025-12-15,Poster A2,Maison,Normandie,Site web,1,9.90,9.90
2025-12-16,T-shirt logo,Vetements,Grand Est,Site web,7,19.90,139.30
2025-12-16,Stylo gel,Papeterie,Hauts-de-France,Boutique,1,2.50,2.50
2025-12-16,Gourde inox,Accessoires,Nouvelle-Aquitaine,Boutique,5,12.00,60.00
2025-12-16,Poster A2,Maison,Pays-de-la-Loire,Site web,2,9.90,19.80
2025-12-16,T-shirt logo,Vetements,Pays-de-la-Loire,Boutique,1,19.90,19.90
2025-12-16,Chaussettes,Vetements,Provence-Alpes-Cote d'Azur,Boutique,7,7.50,52.50
2025-12-16,Gourde inox,Accessoires,Provence-Alpes-Cote d'Azur,Site web,3,12.00,36.00
2025-12-17,Chaussettes,Vetements,Bretagne,Site web,5,7.50,37.50
2025-12-17,Gourde inox,Accessoires,Centre-Val de Loire,Boutique,5,12.00,60.00
2025-12-17,Casquette,Accessoires,Grand Est,Boutique,2,14.50,29.00
2025-12-17,Tote bag,Accessoires,Nouvelle-Aquitaine,Site web,5,8.50,42.50
2025-12-17,Poster A2,Maison,Occitanie,Site web,1,9.90,9.90
2025-12-17,Poster A2,Maison,Pays-de-la-Loire,Boutique,1,9.90,9.90
2025-12-18,Sweat a capuche,Vetements,Auvergne-Rhone-Alpes,Boutique,5,39.90,199.50
2025-12-18,T-shirt logo,Vetements,Auvergne-Rhone-Alpes,Site web,4,19.90,79.60
2025-12-18,Stylo gel,Papeterie,Bretagne,Site web,3,2.50,7.50
2025-12-18,Stylo gel,Papeterie,Centre-Val de Loire,Boutique,1,2.50,2.50
2025-12-18,Tote bag,Accessoires,Corse,Boutique,3,8.50,25.50
2025-12-18,Mug ceramique,Maison,Grand Est,Site web,1,11.90,11.90
2025-12-18,Stylo gel,Papeterie,Ile-de-France,Site web,3,2.50,7.50
2025-12-18,Sweat a capuche,Vetements,Nouvelle-Aquitaine,Site web,6,39.90,239.40
2025-12-18,T-shirt logo,Vetements,Occitanie,Boutique,9,19.90,179.10
2025-12-18,T-shirt logo,Vetements,Occitanie,Site web,4,19.90,79.60
2025-12-19,Sweat a capuche,Vetements,Bourgogne-Franche-Comte,Site web,1,39.90,39.90
2025-12-19,Chaussettes,Vetements,Centre-Val de Loire,Site web,4,7.50,30.00
2025-12-19,T-shirt logo,Vetements,Centre-Val de Loire,Boutique,1,19.90,19.90
2025-12-19,Sweat a capuche,Vetements,Grand Est,Site web,1,39.90,39.90
2025-12-19,Sweat a capuche,Vetements,Hauts-de-France,Boutique,4,39.90,159.60
2025-12-19,Mug ceramique,Maison,Nouvelle-Aquitaine,Site web,3,11.90,35.70
2025-12-19,Mug ceramique,Maison,Pays-de-la-Loire,Site web,3,11.90,35.70
2025-12-20,Sweat a capuche,Vetements,Bourgogne-Franche-Comte,Boutique,6,39.90,239.40
2025-12-20,Mug ceramique,Maison,Nouvelle-Aquitaine,Site web,2,11.90,23.80
2025-12-20,Tote bag,Accessoires,Provence-Alpes-Cote d'Azur,Site web,7,8.50,59.50
2025-12-21,Chaussettes,Vetements,Auvergne-Rhone-Alpes,Boutique,6,7.50,45.00
2025-12-21,Tote bag,Accessoires,Auvergne-Rhone-Alpes,Site web,4,8.50,34.00
2025-12-21,Chaussettes,Vetements,Bretagne,Boutique,5,7.50,37.50
2025-12-21,Toupie en bois,Jouet,Bretagne,Site web,6,2.50,15.00
2025-12-21,T-shirt logo,Vetements,Grand Est,Boutique,2,19.90,39.80
2025-12-21,T-shirt logo,Vetements,Ile-de-France,Site web,8,19.90,159.20
2025-12-21,Gourde inox,Accessoires,Nouvelle-Aquitaine,Boutique,6,12.00,72.00
2025-12-21,Gourde inox,Accessoires,Provence-Alpes-Cote d'Azur,Site web,4,12.00,48.00
2025-12-22,Sweat a capuche,Vetements,Hauts-de-France,Boutique,3,39.90,119.70
2025-12-22,Mug ceramique,Maison,Ile-de-France,Site web,6,11.90,71.40
2025-12-22,Puzzle 100 pieces,Jouet,Ile-de-France,Boutique,7,6.90,48.30
2025-12-22,Stylo gel,Papeterie,Ile-de-France,Boutique,2,2.50,5.00
2025-12-22,Stylo gel,Papeterie,Occitanie,Site web,4,2.50,10.00
2025-12-22,T-shirt logo,Vetements,Pays-de-la-Loire,Site web,7,19.90,139.30
2025-12-23,Tote bag,Accessoires,Auvergne-Rhone-Alpes,Site web,2,8.50,17.00
2025-12-23,Casquette,Accessoires,Centre-Val de Loire,Boutique,1,14.50,14.50
2025-12-23,T-shirt logo,Vetements,Grand Est,Boutique,5,19.90,99.50
2025-12-23,Mug ceramique,Maison,Hauts-de-France,Site web,1,11.90,11.90
2025-12-23,Chaussettes,Vetements,Nouvelle-Aquitaine,Boutique,9,7.50,67.50
2025-12-23,Mug ceramique,Maison,Pays-de-la-Loire,Site web,4,11.90,47.60
2025-12-23,Puzzle 100 pieces,Jouet,Pays-de-la-Loire,Site web,3,6.90,20.70
2025-12-23,T-shirt logo,Vetements,Provence-Alpes-Cote d'Azur,Boutique,2,19.90,39.80
2025-12-24,T-shirt logo,Vetements,Auvergne-Rhone-Alpes,Site web,8,19.90,159.20
2025-12-24,Tote bag,Accessoires,Bourgogne-Franche-Comte,Site web,6,8.50,51.00
2025-12-24,Mug ceramique,Maison,Centre-Val de Loire,Boutique,6,11.90,71.40
2025-12-24,Poster A2,Maison,Centre-Val de Loire,Site web,3,9.90,29.70
2025-12-24,Carnet A5,Papeterie,Hauts-de-France,Site web,3,6.90,20.70
2025-12-24,Tote bag,Accessoires,Hauts-de-France,Site web,3,8.50,25.50
2025-12-24,Casquette,Accessoires,Ile-de-France,Boutique,3,14.50,43.50
2025-12-24,Gourde inox,Accessoires,Ile-de-France,Boutique,1,12.00,12.00
2025-12-24,Chaussettes,Vetements,Normandie,Boutique,6,7.50,45.00
2025-12-24,T-shirt logo,Vetements,Normandie,Boutique,6,19.90,119.40
2025-12-24,Chaussettes,Vetements,Nouvelle-Aquitaine,Site web,2,7.50,15.00
2025-12-24,Mug ceramique,Maison,Nouvelle-Aquitaine,Site web,2,11.90,23.80
2025-12-24,Mug ceramique,Maison,Nouvelle-Aquitaine,Site web,4,11.90,47.60
2025-12-24,Poster A2,Maison,Occitanie,Boutique,2,9.90,19.80
2025-12-24,Chaussettes,Vetements,Pays-de-la-Loire,Boutique,2,7.50,15.00
2025-12-24,Sweat a capuche,Vetements,Provence-Alpes-Cote d'Azur,Boutique,4,39.90,159.60
2025-12-25,Mug ceramique,Maison,Ile-de-France,Site web,5,11.90,59.50
2025-12-25,Sweat a capuche,Vetements,Ile-de-France,Site web,1,39.90,39.90
2025-12-25,Carnet A5,Papeterie,Normandie,Boutique,1,6.90,6.90
2025-12-25,Carnet A5,Papeterie,Nouvelle-Aquitaine,Boutique,5,6.90,34.50
2025-12-25,Chaussettes,Vetements,Pays-de-la-Loire,Site web,5,7.50,37.50
2025-12-25,Poster A2,Maison,Pays-de-la-Loire,Site web,3,9.90,29.70
2025-12-26,Gourde inox,Accessoires,Auvergne-Rhone-Alpes,Boutique,2,12.00,24.00
2025-12-26,Carnet A5,Papeterie,Centre-Val de Loire,Site web,4,6.90,27.60
2025-12-26,Casquette,Accessoires,Centre-Val de Loire,Boutique,3,14.50,43.50
2025-12-26,Tote bag,Accessoires,Hauts-de-France,Boutique,5,8.50,42.50
2025-12-26,Chaussettes,Vetements,Ile-de-France,Boutique,4,7.50,30.00
2025-12-26,Mug ceramique,Maison,Ile-de-France,Boutique,3,11.90,35.70
2025-12-26,Mug ceramique,Maison,Nouvelle-Aquitaine,Boutique,4,11.90,47.60
2025-12-26,Sweat a capuche,Vetements,Pays-de-la-Loire,Boutique,3,39.90,119.70
2025-12-26,Casquette,Accessoires,Provence-Alpes-Cote d'Azur,Site web,7,14.50,101.50
2025-12-26,Mug ceramique,Maison,Provence-Alpes-Cote d'Azur,Site web,2,11.90,23.80
2025-12-27,Sweat a capuche,Vetements,Auvergne-Rhone-Alpes,Boutique,3,39.90,119.70
2025-12-27,Casquette,Accessoires,Centre-Val de Loire,Boutique,1,14.50,14.50
2025-12-27,Tote bag,Accessoires,Grand Est,Boutique,10,8.50,85.00
2025-12-27,Casquette,Accessoires,Ile-de-France,Site web,5,14.50,72.50
2025-12-27,Sweat a capuche,Vetements,Ile-de-France,Site web,6,39.90,239.40
2025-12-27,Sweat a capuche,Vetements,Provence-Alpes-Cote d'Azur,Boutique,3,39.90,119.70
2025-12-28,Gourde inox,Accessoires,Corse,Boutique,6,12.00,72.00
2025-12-28,Stylo gel,Papeterie,Grand Est,Site web,4,2.50,10.00
2025-12-28,Sweat a capuche,Vetements,Occitanie,Boutique,4,39.90,159.60
2025-12-28,Chaussettes,Vetements,Pays-de-la-Loire,Boutique,6,7.50,45.00
2025-12-28,T-shirt logo,Vetements,Provence-Alpes-Cote d'Azur,Site web,4,19.90,79.60
2025-12-29,Sweat a capuche,Vetements,Auvergne-Rhone-Alpes,Site web,5,39.90,199.50
2025-12-29,Carnet A5,Papeterie,Grand Est,Site web,2,6.90,13.80
2025-12-29,Gourde inox,Accessoires,Hauts-de-France,Boutique,3,12.00,36.00
2025-12-30,Sweat a capuche,Vetements,Bourgogne-Franche-Comte,Boutique,6,39.90,239.40
2025-12-30,Poster A2,Maison,Hauts-de-France,Site web,5,9.90,49.50
2025-12-30,T-shirt logo,Vetements,Normandie,Boutique,1,19.90,19.90
2025-12-30,Poster A2,Maison,Nouvelle-Aquitaine,Site web,1,9.90,9.90
2025-12-30,T-shirt logo,Vetements,Occitanie,Site web,2,19.90,39.80
2025-12-30,Gourde inox,Accessoires,Provence-Alpes-Cote d'Azur,Site web,6,12.00,72.00
2025-12-31,Carnet A5,Papeterie,Auvergne-Rhone-Alpes,Boutique,5,6.90,34.50
2025-12-31,Casquette,Accessoires,Auvergne-Rhone-Alpes,Site web,8,14.50,116.00
2025-12-31,Tote bag,Accessoires,Auvergne-Rhone-Alpes,Boutique,5,8.50,42.50
2025-12-31,Gourde inox,Accessoires,Bretagne,Site web,2,12.00,24.00
2025-12-31,T-shirt logo,Vetements,Bretagne,Site web,4,19.90,79.60
2025-12-31,Poster A2,Maison,Centre-Val de Loire,Boutique,3,9.90,29.70
2025-12-31,Poster A2,Maison,Grand Est,Boutique,3,9.90,29.70
2025-12-31,Sweat a capuche,Vetements,Ile-de-France,Site web,7,39.90,279.30
2025-12-31,Gourde inox,Accessoires,Nouvelle-Aquitaine,Site web,1,12.00,12.00
2025-12-31,Mug ceramique,Maison,Occitanie,Site web,4,11.90,47.60
2025-12-31,Poster A2,Maison,Occitanie,Boutique,2,9.90,19.80
2025-12-31,Sweat a capuche,Vetements,Occitanie,Site web,5,39.90,199.50
2025-12-31,Sweat a capuche,Vetements,Occitanie,Boutique,4,39.90,159.60
2025-12-31,T-shirt logo,Vetements,Occitanie,Site web,2,19.90,39.80
2025-12-31,Poster A2,Maison,Pays-de-la-Loire,Site web,6,9.90,59.40
2025-12-31,Sweat a capuche,Vetements,Pays-de-la-Loire,Boutique,1,39.90,39.90
2026-01-01,T-shirt logo,Vetements,Bretagne,Boutique,6,19.90,119.40
2026-01-01,Gourde inox,Accessoires,Normandie,Boutique,6,12.00,72.00
2026-01-02,Chaussettes,Vetements,Bourgogne-Franche-Comte,Boutique,2,7.50,15.00
2026-01-02,T-shirt logo,Vetements,Bourgogne-Franche-Comte,Site web,6,19.90,119.40
2026-01-02,Casquette,Accessoires,Hauts-de-France,Boutique,6,14.50,87.00
2026-01-02,Chaussettes,Vetements,Hauts-de-France,Boutique,4,7.50,30.00
2026-01-03,Gourde inox,Accessoires,Auvergne-Rhone-Alpes,Boutique,2,12.00,24.00
2026-01-03,Poster A2,Maison,Centre-Val de Loire,Site web,5,9.90,49.50
2026-01-03,Carnet A5,Papeterie,Normandie,Site web,1,6.90,6.90
2026-01-04,Mug ceramique,Maison,Bourgogne-Franche-Comte,Boutique,2,11.90,23.80
2026-01-04,Chaussettes,Vetements,Grand Est,Site web,3,7.50,22.50
2026-01-04,Chaussettes,Vetements,Hauts-de-France,Boutique,3,7.50,22.50
2026-01-04,Poster A2,Maison,Ile-de-France,Site web,4,9.90,39.60
2026-01-04,Mug ceramique,Maison,Nouvelle-Aquitaine,Boutique,2,11.90,23.80
2026-01-05,Sweat a capuche,Vetements,Bretagne,Site web,3,39.90,119.70
2026-01-05,Tote bag,Accessoires,Centre-Val de Loire,Site web,6,8.50,51.00
2026-01-05,Carnet A5,Papeterie,Hauts-de-France,Site web,1,6.90,6.90
2026-01-05,Carnet A5,Papeterie,Ile-de-France,Boutique,3,6.90,20.70
2026-01-05,Poster A2,Maison,Normandie,Site web,6,9.90,59.40
2026-01-05,T-shirt logo,Vetements,Occitanie,Boutique,6,19.90,119.40
2026-01-05,Casquette,Accessoires,Provence-Alpes-Cote d'Azur,Site web,4,14.50,58.00
2026-01-06,Sweat a capuche,Vetements,Bretagne,Site web,5,39.90,199.50
2026-01-06,Sweat a capuche,Vetements,Bretagne,Site web,4,39.90,159.60
2026-01-06,T-shirt logo,Vetements,Centre-Val de Loire,Site web,5,19.90,99.50
2026-01-06,Chaussettes,Vetements,Hauts-de-France,Boutique,2,7.50,15.00
2026-01-06,Gourde inox,Accessoires,Hauts-de-France,Boutique,3,12.00,36.00
2026-01-06,Casquette,Accessoires,Normandie,Site web,6,14.50,87.00
2026-01-06,Chaussettes,Vetements,Pays-de-la-Loire,Boutique,1,7.50,7.50
2026-01-07,Casquette,Accessoires,Bretagne,Boutique,3,14.50,43.50
2026-01-07,Tote bag,Accessoires,Hauts-de-France,Boutique,6,8.50,51.00
2026-01-07,Poster A2,Maison,Ile-de-France,Boutique,6,9.90,59.40
2026-01-07,Mug ceramique,Maison,Normandie,Site web,1,11.90,11.90
2026-01-08,Stylo gel,Papeterie,Auvergne-Rhone-Alpes,Boutique,3,2.50,7.50
2026-01-08,Carnet A5,Papeterie,Bretagne,Boutique,4,6.90,27.60
2026-01-08,Gourde inox,Accessoires,Bretagne,Boutique,5,12.00,60.00
2026-01-08,Mug ceramique,Maison,Grand Est,Boutique,5,11.90,59.50
2026-01-08,Carnet A5,Papeterie,Ile-de-France,Boutique,1,6.90,6.90
2026-01-08,Poster A2,Maison,Pays-de-la-Loire,Boutique,3,9.90,29.70
2026-01-08,T-shirt logo,Vetements,Pays-de-la-Loire,Site web,4,19.90,79.60
2026-01-09,Chaussettes,Vetements,Auvergne-Rhone-Alpes,Site web,4,7.50,30.00
2026-01-09,Chaussettes,Vetements,Centre-Val de Loire,Site web,6,7.50,45.00
2026-01-09,Carnet A5,Papeterie,Ile-de-France,Site web,2,6.90,13.80
2026-01-09,Tote bag,Accessoires,Ile-de-France,Site web,2,8.50,17.00
2026-01-09,Casquette,Accessoires,Normandie,Boutique,4,14.50,58.00
2026-01-09,Mug ceramique,Maison,Nouvelle-Aquitaine,Site web,6,11.90,71.40
2026-01-09,Stylo gel,Papeterie,Occitanie,Boutique,6,2.50,15.00
2026-01-09,Sweat a capuche,Vetements,Provence-Alpes-Cote d'Azur,Site web,1,39.90,39.90
2026-01-10,T-shirt logo,Vetements,Ile-de-France,Boutique,1,19.90,19.90
2026-01-10,Poster A2,Maison,Pays-de-la-Loire,Boutique,9,9.90,89.10
2026-01-11,Chaussettes,Vetements,Auvergne-Rhone-Alpes,Site web,4,7.50,30.00
2026-01-11,Gourde inox,Accessoires,Bourgogne-Franche-Comte,Boutique,6,12.00,72.00
2026-01-11,Carnet A5,Papeterie,Bretagne,Site web,1,6.90,6.90
2026-01-11,Sweat a capuche,Vetements,Centre-Val de Loire,Boutique,2,39.90,79.80
2026-01-11,Poster A2,Maison,Hauts-de-France,Site web,1,9.90,9.90
2026-01-11,Mug ceramique,Maison,Nouvelle-Aquitaine,Boutique,2,11.90,23.80
2026-01-11,Chaussettes,Vetements,Occitanie,Site web,1,7.50,7.50
2026-01-11,Sweat a capuche,Vetements,Provence-Alpes-Cote d'Azur,Site web,6,39.90,239.40
2026-01-12,Mug ceramique,Maison,Bretagne,Boutique,1,11.90,11.90
2026-01-12,Poster A2,Maison,Bretagne,Boutique,1,9.90,9.90
2026-01-12,Sweat a capuche,Vetements,Nouvelle-Aquitaine,Site web,3,39.90,119.70
2026-01-12,Chaussettes,Vetements,Provence-Alpes-Cote d'Azur,Boutique,6,7.50,45.00
2026-01-13,Carnet A5,Papeterie,Auvergne-Rhone-Alpes,Boutique,2,6.90,13.80
2026-01-13,Chaussettes,Vetements,Occitanie,Boutique,3,7.50,22.50
2026-01-14,Sweat a capuche,Vetements,Bourgogne-Franche-Comte,Site web,3,39.90,119.70
2026-01-14,Stylo gel,Papeterie,Centre-Val de Loire,Site web,2,2.50,5.00
2026-01-14,Carnet A5,Papeterie,Ile-de-France,Boutique,3,6.90,20.70
2026-01-15,Chaussettes,Vetements,Hauts-de-France,Site web,1,7.50,7.50
2026-01-15,Sweat a capuche,Vetements,Ile-de-France,Boutique,5,39.90,199.50
2026-01-15,Chaussettes,Vetements,Provence-Alpes-Cote d'Azur,Site web,5,7.50,37.50
2026-01-16,Chaussettes,Vetements,Bourgogne-Franche-Comte,Boutique,7,7.50,52.50
2026-01-16,Poster A2,Maison,Bretagne,Site web,2,9.90,19.80
2026-01-16,Stylo gel,Papeterie,Bretagne,Site web,6,2.50,15.00
2026-01-16,Sweat a capuche,Vetements,Grand Est,Site web,6,39.90,239.40
2026-01-16,Poster A2,Maison,Hauts-de-France,Boutique,4,9.90,39.60
2026-01-16,Gourde inox,Accessoires,Ile-de-France,Site web,5,12.00,60.00
2026-01-17,Gourde inox,Accessoires,Bourgogne-Franche-Comte,Site web,6,12.00,72.00
2026-01-17,Gourde inox,Accessoires,Grand Est,Site web,1,12.00,12.00
2026-01-17,Chaussettes,Vetements,Hauts-de-France,Boutique,2,7.50,15.00
2026-01-17,Sweat a capuche,Vetements,Hauts-de-France,Boutique,3,39.90,119.70
2026-01-17,Gourde inox,Accessoires,Nouvelle-Aquitaine,Boutique,7,12.00,84.00
2026-01-18,Mug ceramique,Maison,Bourgogne-Franche-Comte,Site web,2,11.90,23.80
2026-01-18,Gourde inox,Accessoires,Hauts-de-France,Site web,1,12.00,12.00
2026-01-18,Carnet A5,Papeterie,Nouvelle-Aquitaine,Site web,5,6.90,34.50
2026-01-18,Sweat a capuche,Vetements,Pays-de-la-Loire,Boutique,3,39.90,119.70
2026-01-19,Poster A2,Maison,Bretagne,Site web,2,9.90,19.80
2026-01-19,Chaussettes,Vetements,Corse,Site web,1,7.50,7.50
2026-01-19,Sweat a capuche,Vetements,Grand Est,Boutique,10,39.90,399.00
2026-01-19,Gourde inox,Accessoires,Nouvelle-Aquitaine,Site web,2,12.00,24.00
2026-01-19,Poster A2,Maison,Pays-de-la-Loire,Site web,3,9.90,29.70
2026-01-20,Poster A2,Maison,Auvergne-Rhone-Alpes,Site web,2,9.90,19.80
2026-01-20,Gourde inox,Accessoires,Occitanie,Boutique,4,12.00,48.00
2026-01-21,Sweat a capuche,Vetements,Grand Est,Site web,6,39.90,239.40
2026-01-21,Sweat a capuche,Vetements,Occitanie,Site web,6,39.90,239.40
2026-01-21,Sweat a capuche,Vetements,Pays-de-la-Loire,Site web,7,39.90,279.30
2026-01-22,T-shirt logo,Vetements,Bretagne,Boutique,4,19.90,79.60
2026-01-22,Stylo gel,Papeterie,Hauts-de-France,Boutique,4,2.50,10.00
2026-01-22,Casquette,Accessoires,Ile-de-France,Site web,4,14.50,58.00
2026-01-22,Gourde inox,Accessoires,Ile-de-France,Site web,2,12.00,24.00
2026-01-22,Poster A2,Maison,Normandie,Boutique,5,9.90,49.50
2026-01-22,Stylo gel,Papeterie,Normandie,Site web,5,2.50,12.50
2026-01-23,T-shirt logo,Vetements,Auvergne-Rhone-Alpes,Boutique,6,19.90,119.40
2026-01-23,Mug ceramique,Maison,Ile-de-France,Site web,4,11.90,47.60
2026-01-23,Sweat a capuche,Vetements,Ile-de-France,Site web,2,39.90,79.80
2026-01-23,Chaussettes,Vetements,Normandie,Site web,3,7.50,22.50
2026-01-23,Poster A2,Maison,Normandie,Boutique,2,9.90,19.80
2026-01-23,Gourde inox,Accessoires,Occitanie,Boutique,1,12.00,12.00
2026-01-24,Chaussettes,Vetements,Bourgogne-Franche-Comte,Site web,8,7.50,60.00
2026-01-24,Casquette,Accessoires,Hauts-de-France,Site web,4,14.50,58.00
2026-01-24,Carnet A5,Papeterie,Provence-Alpes-Cote d'Azur,Site web,5,6.90,34.50
2026-01-25,T-shirt logo,Vetements,Auvergne-Rhone-Alpes,Boutique,5,19.90,99.50
2026-01-25,Casquette,Accessoires,Bretagne,Boutique,2,14.50,29.00
2026-01-25,Sweat a capuche,Vetements,Centre-Val de Loire,Site web,6,39.90,239.40
2026-01-25,Tote bag,Accessoires,Corse,Site web,2,8.50,17.00
2026-01-25,Casquette,Accessoires,Grand Est,Site web,4,14.50,58.00
2026-01-25,Casquette,Accessoires,Normandie,Site web,1,14.50,14.50
2026-01-25,Mug ceramique,Maison,Occitanie,Site web,3,11.90,35.70
2026-01-26,T-shirt logo,Vetements,Auvergne-Rhone-Alpes,Site web,1,19.90,19.90
2026-01-26,Chaussettes,Vetements,Bourgogne-Franche-Comte,Boutique,5,7.50,37.50
2026-01-26,Poster A2,Maison,Ile-de-France,Boutique,5,9.90,49.50
2026-01-26,Poster A2,Maison,Ile-de-France,Boutique,1,9.90,9.90
2026-01-26,T-shirt logo,Vetements,Nouvelle-Aquitaine,Boutique,1,19.90,19.90
2026-01-26,Poster A2,Maison,Provence-Alpes-Cote d'Azur,Site web,6,9.90,59.40
2026-01-27,Gourde inox,Accessoires,Centre-Val de Loire,Boutique,2,12.00,24.00
2026-01-27,Casquette,Accessoires,Corse,Boutique,3,14.50,43.50
2026-01-27,Gourde inox,Accessoires,Hauts-de-France,Boutique,4,12.00,48.00
2026-01-27,Poster A2,Maison,Normandie,Site web,1,9.90,9.90
2026-01-27,Carnet A5,Papeterie,Nouvelle-Aquitaine,Boutique,5,6.90,34.50
2026-01-27,T-shirt logo,Vetements,Pays-de-la-Loire,Boutique,2,19.90,39.80
2026-01-28,Tote bag,Accessoires,Grand Est,Site web,5,8.50,42.50
2026-01-28,Chaussettes,Vetements,Occitanie,Site web,1,7.50,7.50
2026-01-28,Chaussettes,Vetements,Provence-Alpes-Cote d'Azur,Boutique,6,7.50,45.00
2026-01-28,Sweat a capuche,Vetements,Provence-Alpes-Cote d'Azur,Site web,1,39.90,39.90
2026-01-29,Gourde inox,Accessoires,Bretagne,Boutique,6,12.00,72.00
2026-01-29,Mug ceramique,Maison,Grand Est,Site web,2,11.90,23.80
2026-01-29,Mug ceramique,Maison,Hauts-de-France,Boutique,3,11.90,35.70
2026-01-29,Tote bag,Accessoires,Ile-de-France,Site web,4,8.50,34.00
2026-01-29,Chaussettes,Vetements,Provence-Alpes-Cote d'Azur,Boutique,9,7.50,67.50
2026-01-30,Poster A2,Maison,Auvergne-Rhone-Alpes,Site web,2,9.90,19.80
2026-01-30,Tote bag,Accessoires,Grand Est,Boutique,8,8.50,68.00
2026-01-30,Casquette,Accessoires,Hauts-de-France,Boutique,3,14.50,43.50
2026-01-30,Chaussettes,Vetements,Hauts-de-France,Boutique,5,7.50,37.50
2026-01-30,Carnet A5,Papeterie,Ile-de-France,Site web,3,6.90,20.70
2026-01-30,Gourde inox,Accessoires,Nouvelle-Aquitaine,Site web,5,12.00,60.00
2026-01-30,Mug ceramique,Maison,Pays-de-la-Loire,Site web,1,11.90,11.90
2026-01-31,Chaussettes,Vetements,Auvergne-Rhone-Alpes,Boutique,6,7.50,45.00
2026-01-31,Casquette,Accessoires,Bourgogne-Franche-Comte,Boutique,2,14.50,29.00
2026-01-31,Stylo gel,Papeterie,Grand Est,Site web,9,2.50,22.50
2026-01-31,Poster A2,Maison,Hauts-de-France,Boutique,3,9.90,29.70
2026-01-31,Tote bag,Accessoires,Hauts-de-France,Boutique,1,8.50,8.50
2026-01-31,Casquette,Accessoires,Pays-de-la-Loire,Boutique,3,14.50,43.50
2026-02-01,Gourde inox,Accessoires,Bretagne,Site web,6,12.00,72.00
2026-02-01,Casquette,Accessoires,Grand Est,Boutique,5,14.50,72.50
2026-02-01,Tote bag,Accessoires,Hauts-de-France,Site web,1,8.50,8.50
2026-02-01,Tote bag,Accessoires,Ile-de-France,Site web,5,8.50,42.50
2026-02-02,T-shirt logo,Vetements,Bretagne,Boutique,1,19.90,19.90
2026-02-02,Carnet A5,Papeterie,Centre-Val de Loire,Site web,1,6.90,6.90
2026-02-02,Sweat a capuche,Vetements,Corse,Site web,2,39.90,79.80
2026-02-02,Poster A2,Maison,Hauts-de-France,Boutique,1,9.90,9.90
2026-02-02,Sweat a capuche,Vetements,Normandie,Boutique,2,39.90,79.80
2026-02-02,Stylo gel,Papeterie,Nouvelle-Aquitaine,Boutique,4,2.50,10.00
2026-02-02,Tote bag,Accessoires,Nouvelle-Aquitaine,Boutique,4,8.50,34.00
2026-02-02,Tote bag,Accessoires,Occitanie,Site web,2,8.50,17.00
2026-02-02,Sweat a capuche,Vetements,Pays-de-la-Loire,Boutique,6,39.90,239.40
2026-02-02,Tote bag,Accessoires,Provence-Alpes-Cote d'Azur,Boutique,2,8.50,17.00
2026-02-03,Poster A2,Maison,Bretagne,Boutique,1,9.90,9.90
2026-02-03,Stylo gel,Papeterie,Hauts-de-France,Site web,2,2.50,5.00
2026-02-03,Carnet A5,Papeterie,Nouvelle-Aquitaine,Boutique,4,6.90,27.60
2026-02-04,Sweat a capuche,Vetements,Auvergne-Rhone-Alpes,Site web,3,39.90,119.70
2026-02-04,Tote bag,Accessoires,Bourgogne-Franche-Comte,Site web,4,8.50,34.00
2026-02-04,Chaussettes,Vetements,Ile-de-France,Boutique,6,7.50,45.00
2026-02-04,T-shirt logo,Vetements,Ile-de-France,Boutique,3,19.90,59.70
2026-02-04,Tote bag,Accessoires,Provence-Alpes-Cote d'Azur,Site web,2,8.50,17.00
2026-02-05,Stylo gel,Papeterie,Grand Est,Site web,2,2.50,5.00
2026-02-05,Casquette,Accessoires,Hauts-de-France,Boutique,4,14.50,58.00
2026-02-05,Carnet A5,Papeterie,Ile-de-France,Site web,4,6.90,27.60
2026-02-05,Mug ceramique,Maison,Provence-Alpes-Cote d'Azur,Boutique,4,11.90,47.60
2026-02-06,Gourde inox,Accessoires,Grand Est,Site web,5,12.00,60.00
2026-02-06,Sweat a capuche,Vetements,Hauts-de-France,Site web,4,39.90,159.60
2026-02-06,Gourde inox,Accessoires,Occitanie,Site web,2,12.00,24.00
2026-02-07,Tote bag,Accessoires,Auvergne-Rhone-Alpes,Site web,3,8.50,25.50
2026-02-07,Stylo gel,Papeterie,Bretagne,Boutique,3,2.50,7.50
2026-02-07,Mug ceramique,Maison,Centre-Val de Loire,Site web,2,11.90,23.80
2026-02-07,Gourde inox,Accessoires,Hauts-de-France,Boutique,2,12.00,24.00
2026-02-07,Tote bag,Accessoires,Pays-de-la-Loire,Site web,3,8.50,25.50
2026-02-08,Stylo gel,Papeterie,Bourgogne-Franche-Comte,Site web,3,2.50,7.50
2026-02-08,Chaussettes,Vetements,Bretagne,Site web,4,7.50,30.00
2026-02-08,T-shirt logo,Vetements,Bretagne,Boutique,1,19.90,19.90
2026-02-08,Casquette,Accessoires,Centre-Val de Loire,Site web,1,14.50,14.50
2026-02-08,Gourde inox,Accessoires,Centre-Val de Loire,Site web,3,12.00,36.00
2026-02-08,Chaussettes,Vetements,Hauts-de-France,Boutique,3,7.50,22.50
2026-02-08,Stylo gel,Papeterie,Nouvelle-Aquitaine,Boutique,3,2.50,7.50
2026-02-09,Stylo gel,Papeterie,Auvergne-Rhone-Alpes,Boutique,1,2.50,2.50
2026-02-09,Chaussettes,Vetements,Bretagne,Boutique,2,7.50,15.00
2026-02-09,Gourde inox,Accessoires,Grand Est,Boutique,1,12.00,12.00
2026-02-09,Carnet A5,Papeterie,Hauts-de-France,Site web,4,6.90,27.60
2026-02-09,Chaussettes,Vetements,Hauts-de-France,Site web,5,7.50,37.50
2026-02-09,Casquette,Accessoires,Provence-Alpes-Cote d'Azur,Site web,4,14.50,58.00
2026-02-10,Tote bag,Accessoires,Bourgogne-Franche-Comte,Site web,10,8.50,85.00
2026-02-10,Sweat a capuche,Vetements,Bretagne,Site web,6,39.90,239.40
2026-02-10,Poster A2,Maison,Ile-de-France,Site web,2,9.90,19.80
2026-02-10,Mug ceramique,Maison,Normandie,Site web,1,11.90,11.90
2026-02-10,Casquette,Accessoires,Nouvelle-Aquitaine,Boutique,4,14.50,58.00
2026-02-10,Stylo gel,Papeterie,Occitanie,Site web,3,2.50,7.50
2026-02-10,Casquette,Accessoires,Provence-Alpes-Cote d'Azur,Site web,5,14.50,72.50
2026-02-11,Casquette,Accessoires,Auvergne-Rhone-Alpes,Site web,5,14.50,72.50
2026-02-11,Poster A2,Maison,Centre-Val de Loire,Boutique,2,9.90,19.80
2026-02-11,Stylo gel,Papeterie,Hauts-de-France,Site web,5,2.50,12.50
2026-02-11,Mug ceramique,Maison,Occitanie,Boutique,4,11.90,47.60
2026-02-11,Tote bag,Accessoires,Occitanie,Site web,2,8.50,17.00
2026-02-11,Puzzle 100 pieces,Jouet,Pays-de-la-Loire,Boutique,5,6.90,34.50
2026-02-11,Sweat a capuche,Vetements,Pays-de-la-Loire,Boutique,5,39.90,199.50
2026-02-11,Gourde inox,Accessoires,Provence-Alpes-Cote d'Azur,Boutique,2,12.00,24.00
2026-02-12,Poster A2,Maison,Auvergne-Rhone-Alpes,Site web,6,9.90,59.40
2026-02-12,Sweat a capuche,Vetements,Bretagne,Boutique,2,39.90,79.80
2026-02-12,Chaussettes,Vetements,Centre-Val de Loire,Site web,5,7.50,37.50
2026-02-12,Casquette,Accessoires,Hauts-de-France,Site web,6,14.50,87.00
2026-02-12,Gourde inox,Accessoires,Hauts-de-France,Boutique,2,12.00,24.00
2026-02-13,Stylo gel,Papeterie,Auvergne-Rhone-Alpes,Boutique,6,2.50,15.00
2026-02-13,Casquette,Accessoires,Centre-Val de Loire,Boutique,3,14.50,43.50
2026-02-13,Mug ceramique,Maison,Centre-Val de Loire,Site web,4,11.90,47.60
2026-02-13,Mug ceramique,Maison,Hauts-de-France,Site web,5,11.90,59.50
2026-02-13,Gourde inox,Accessoires,Normandie,Site web,1,12.00,12.00
2026-02-13,Mug ceramique,Maison,Nouvelle-Aquitaine,Site web,7,11.90,83.30
2026-02-14,Casquette,Accessoires,Auvergne-Rhone-Alpes,Site web,6,14.50,87.00
2026-02-14,Mug ceramique,Maison,Corse,Site web,2,11.90,23.80
2026-02-14,Mug ceramique,Maison,Grand Est,Boutique,5,11.90,59.50
2026-02-14,Mug ceramique,Maison,Grand Est,Boutique,5,11.90,59.50
2026-02-14,Mug ceramique,Maison,Grand Est,Site web,4,11.90,47.60
2026-02-14,Mug ceramique,Maison,Ile-de-France,Boutique,4,11.90,47.60
2026-02-14,T-shirt logo,Vetements,Ile-de-France,Boutique,5,19.90,99.50
2026-02-14,T-shirt logo,Vetements,Occitanie,Boutique,1,19.90,19.90
2026-02-14,Poster A2,Maison,Pays-de-la-Loire,Boutique,6,9.90,59.40
2026-02-14,Puzzle 100 pieces,Jouet,Pays-de-la-Loire,Boutique,2,6.90,13.80
2026-02-14,Poster A2,Maison,Provence-Alpes-Cote d'Azur,Boutique,1,9.90,9.90
2026-02-14,Sweat a capuche,Vetements,Provence-Alpes-Cote d'Azur,Boutique,3,39.90,119.70
2026-02-15,Casquette,Accessoires,Auvergne-Rhone-Alpes,Site web,4,14.50,58.00
2026-02-15,Mug ceramique,Maison,Auvergne-Rhone-Alpes,Site web,5,11.90,59.50
2026-02-15,Casquette,Accessoires,Grand Est,Site web,1,14.50,14.50
2026-02-15,Mug ceramique,Maison,Grand Est,Site web,5,11.90,59.50
2026-02-15,T-shirt logo,Vetements,Grand Est,Boutique,7,19.90,139.30
2026-02-15,Mug ceramique,Maison,Ile-de-France,Site web,3,11.90,35.70
2026-02-15,Poster A2,Maison,Ile-de-France,Site web,4,9.90,39.60
2026-02-16,Tote bag,Accessoires,Bretagne,Site web,2,8.50,17.00
2026-02-16,Carnet A5,Papeterie,Hauts-de-France,Boutique,5,6.90,34.50
2026-02-16,Casquette,Accessoires,Occitanie,Boutique,2,14.50,29.00
2026-02-16,Gourde inox,Accessoires,Occitanie,Boutique,3,12.00,36.00
2026-02-16,Gourde inox,Accessoires,Pays-de-la-Loire,Site web,2,12.00,24.00
2026-02-16,Stylo gel,Papeterie,Provence-Alpes-Cote d'Azur,Site web,2,2.50,5.00
2026-02-17,Poster A2,Maison,Occitanie,Boutique,4,9.90,39.60
2026-02-17,Sweat a capuche,Vetements,Occitanie,Site web,4,39.90,159.60
2026-02-18,Stylo gel,Papeterie,Auvergne-Rhone-Alpes,Boutique,4,2.50,10.00
2026-02-18,Poster A2,Maison,Grand Est,Site web,6,9.90,59.40
2026-02-18,Chaussettes,Vetements,Occitanie,Boutique,4,7.50,30.00
2026-02-19,Mug ceramique,Maison,Bretagne,Site web,2,11.90,23.80
2026-02-19,Sweat a capuche,Vetements,Nouvelle-Aquitaine,Site web,5,39.90,199.50
2026-02-19,Mug ceramique,Maison,Occitanie,Site web,1,11.90,11.90
2026-02-19,Tote bag,Accessoires,Occitanie,Boutique,4,8.50,34.00
2026-02-20,Stylo gel,Papeterie,Auvergne-Rhone-Alpes,Boutique,5,2.50,12.50
2026-02-20,Carnet A5,Papeterie,Bourgogne-Franche-Comte,Boutique,4,6.90,27.60
2026-02-20,Sweat a capuche,Vetements,Bourgogne-Franche-Comte,Site web,2,39.90,79.80
2026-02-20,Mug ceramique,Maison,Hauts-de-France,Site web,2,11.90,23.80
2026-02-20,Casquette,Accessoires,Ile-de-France,Boutique,4,14.50,58.00
2026-02-20,Poster A2,Maison,Nouvelle-Aquitaine,Boutique,3,9.90,29.70
2026-02-20,Sweat a capuche,Vetements,Occitanie,Boutique,6,39.90,239.40
2026-02-21,Carnet A5,Papeterie,Bretagne,Site web,4,6.90,27.60
2026-02-21,Poster A2,Maison,Bretagne,Boutique,1,9.90,9.90
2026-02-21,Casquette,Accessoires,Corse,Boutique,3,14.50,43.50
2026-02-21,Tote bag,Accessoires,Corse,Site web,5,8.50,42.50
2026-02-21,Mug ceramique,Maison,Grand Est,Site web,4,11.90,47.60
2026-02-21,Poster A2,Maison,Nouvelle-Aquitaine,Boutique,3,9.90,29.70
2026-02-21,Carnet A5,Papeterie,Occitanie,Site web,2,6.90,13.80
2026-02-21,Tote bag,Accessoires,Occitanie,Boutique,1,8.50,8.50
2026-02-22,Mug ceramique,Maison,Bourgogne-Franche-Comte,Site web,7,11.90,83.30
2026-02-22,T-shirt logo,Vetements,Ile-de-France,Boutique,1,19.90,19.90
2026-02-22,Sweat a capuche,Vetements,Pays-de-la-Loire,Boutique,4,39.90,159.60
2026-02-23,Chaussettes,Vetements,Ile-de-France,Boutique,2,7.50,15.00
2026-02-23,Carnet A5,Papeterie,Nouvelle-Aquitaine,Site web,4,6.90,27.60
2026-02-23,Puzzle 100 pieces,Jouet,Pays-de-la-Loire,Boutique,1,6.90,6.90
2026-02-24,Casquette,Accessoires,Hauts-de-France,Boutique,3,14.50,43.50
2026-02-24,Sweat a capuche,Vetements,Ile-de-France,Site web,5,39.90,199.50
2026-02-24,Tote bag,Accessoires,Ile-de-France,Boutique,3,8.50,25.50
2026-02-24,Tote bag,Accessoires,Occitanie,Site web,5,8.50,42.50
2026-02-24,T-shirt logo,Vetements,Pays-de-la-Loire,Boutique,2,19.90,39.80
2026-02-25,Tote bag,Accessoires,Auvergne-Rhone-Alpes,Boutique,6,8.50,51.00
2026-02-25,Gourde inox,Accessoires,Bourgogne-Franche-Comte,Boutique,3,12.00,36.00
2026-02-25,Sweat a capuche,Vetements,Ile-de-France,Boutique,5,39.90,199.50
2026-02-25,Poster A2,Maison,Nouvelle-Aquitaine,Boutique,1,9.90,9.90
2026-02-25,Gourde inox,Accessoires,Pays-de-la-Loire,Site web,3,12.00,36.00
2026-02-25,Casquette,Accessoires,Provence-Alpes-Cote d'Azur,Boutique,2,14.50,29.00
2026-02-25,Mug ceramique,Maison,Provence-Alpes-Cote d'Azur,Boutique,4,11.90,47.60
2026-02-26,Tote bag,Accessoires,Centre-Val de Loire,Site web,5,8.50,42.50
2026-02-26,Poster A2,Maison,Grand Est,Boutique,4,9.90,39.60
2026-02-26,Carnet A5,Papeterie,Occitanie,Site web,5,6.90,34.50
2026-02-26,T-shirt logo,Vetements,Pays-de-la-Loire,Boutique,1,19.90,19.90
2026-02-27,Casquette,Accessoires,Bourgogne-Franche-Comte,Site web,6,14.50,87.00
2026-02-27,Poster A2,Maison,Bretagne,Boutique,6,9.90,59.40
2026-02-27,Mug ceramique,Maison,Nouvelle-Aquitaine,Site web,3,11.90,35.70
2026-02-27,Mug ceramique,Maison,Provence-Alpes-Cote d'Azur,Site web,7,11.90,83.30
2026-02-28,Casquette,Accessoires,Auvergne-Rhone-Alpes,Site web,6,14.50,87.00
2026-02-28,Mug ceramique,Maison,Centre-Val de Loire,Boutique,5,11.90,59.50
2026-02-28,Tote bag,Accessoires,Grand Est,Site web,1,8.50,8.50
2026-02-28,Mug ceramique,Maison,Ile-de-France,Site web,6,11.90,71.40
2026-02-28,Chaussettes,Vetements,Occitanie,Site web,5,7.50,37.50
2026-02-28,Mug ceramique,Maison,Occitanie,Site web,1,11.90,11.90
2026-02-28,Tote bag,Accessoires,Pays-de-la-Loire,Site web,7,8.50,59.50
2026-03-01,Mug ceramique,Maison,Auvergne-Rhone-Alpes,Site web,5,11.90,59.50
2026-03-01,Tote bag,Accessoires,Bourgogne-Franche-Comte,Site web,4,8.50,34.00
2026-03-01,Chaussettes,Vetements,Bretagne,Boutique,3,7.50,22.50
2026-03-01,Carnet A5,Papeterie,Nouvelle-Aquitaine,Boutique,7,6.90,48.30
2026-03-01,Carnet A5,Papeterie,Occitanie,Site web,1,6.90,6.90
2026-03-01,Sweat a capuche,Vetements,Occitanie,Boutique,3,39.90,119.70
2026-03-02,Carnet A5,Papeterie,Auvergne-Rhone-Alpes,Site web,3,6.90,20.70
2026-03-02,Mug ceramique,Maison,Bretagne,Site web,2,11.90,23.80
2026-03-02,Tote bag,Accessoires,Centre-Val de Loire,Site web,5,8.50,42.50
2026-03-02,Carnet A5,Papeterie,Grand Est,Boutique,3,6.90,20.70
2026-03-02,T-shirt logo,Vetements,Pays-de-la-Loire,Site web,6,19.90,119.40
2026-03-03,Poster A2,Maison,Hauts-de-France,Boutique,2,9.90,19.80
2026-03-03,Chaussettes,Vetements,Normandie,Boutique,6,7.50,45.00
2026-03-03,Poster A2,Maison,Pays-de-la-Loire,Site web,5,9.90,49.50
2026-03-03,Toupie en bois,Jouet,Pays-de-la-Loire,Site web,1,2.50,2.50
2026-03-03,Sweat a capuche,Vetements,Provence-Alpes-Cote d'Azur,Boutique,5,39.90,199.50
2026-03-04,Tote bag,Accessoires,Auvergne-Rhone-Alpes,Site web,6,8.50,51.00
2026-03-04,Casquette,Accessoires,Bourgogne-Franche-Comte,Boutique,4,14.50,58.00
2026-03-04,Casquette,Accessoires,Grand Est,Boutique,4,14.50,58.00
2026-03-04,T-shirt logo,Vetements,Grand Est,Boutique,3,19.90,59.70
2026-03-04,Mug ceramique,Maison,Hauts-de-France,Boutique,4,11.90,47.60
2026-03-04,Mug ceramique,Maison,Ile-de-France,Site web,5,11.90,59.50
2026-03-04,Tote bag,Accessoires,Occitanie,Boutique,2,8.50,17.00
2026-03-05,Poster A2,Maison,Bretagne,Site web,5,9.90,49.50
2026-03-05,Poster A2,Maison,Bretagne,Site web,3,9.90,29.70
2026-03-05,Tote bag,Accessoires,Bretagne,Boutique,3,8.50,25.50
2026-03-05,Carnet A5,Papeterie,Centre-Val de Loire,Boutique,9,6.90,62.10
2026-03-05,Carnet A5,Papeterie,Grand Est,Site web,3,6.90,20.70
2026-03-05,Sweat a capuche,Vetements,Ile-de-France,Site web,6,39.90,239.40
2026-03-05,Tote bag,Accessoires,Nouvelle-Aquitaine,Boutique,8,8.50,68.00
2026-03-05,Mug ceramique,Maison,Pays-de-la-Loire,Site web,6,11.90,71.40
2026-03-05,Poster A2,Maison,Provence-Alpes-Cote d'Azur,Site web,4,9.90,39.60
2026-03-06,Sweat a capuche,Vetements,Bourgogne-Franche-Comte,Boutique,6,39.90,239.40
2026-03-06,Gourde inox,Accessoires,Centre-Val de Loire,Boutique,2,12.00,24.00
2026-03-06,Tote bag,Accessoires,Centre-Val de Loire,Site web,1,8.50,8.50
2026-03-06,Poster A2,Maison,Ile-de-France,Boutique,6,9.90,59.40
2026-03-07,Mug ceramique,Maison,Auvergne-Rhone-Alpes,Site web,3,11.90,35.70
2026-03-07,Sweat a capuche,Vetements,Bretagne,Boutique,2,39.90,79.80
2026-03-07,Poster A2,Maison,Nouvelle-Aquitaine,Site web,3,9.90,29.70
2026-03-07,Puzzle 100 pieces,Jouet,Pays-de-la-Loire,Boutique,2,6.90,13.80
2026-03-07,T-shirt logo,Vetements,Provence-Alpes-Cote d'Azur,Boutique,9,19.90,179.10
2026-03-08,Casquette,Accessoires,Hauts-de-France,Boutique,3,14.50,43.50
2026-03-08,Tote bag,Accessoires,Hauts-de-France,Site web,1,8.50,8.50
2026-03-08,Tote bag,Accessoires,Nouvelle-Aquitaine,Site web,6,8.50,51.00
2026-03-08,Casquette,Accessoires,Occitanie,Boutique,6,14.50,87.00
2026-03-08,Puzzle 100 pieces,Jouet,Pays-de-la-Loire,Boutique,4,6.90,27.60
2026-03-09,Mug ceramique,Maison,Bourgogne-Franche-Comte,Site web,2,11.90,23.80
2026-03-09,Chaussettes,Vetements,Occitanie,Site web,3,7.50,22.50
2026-03-10,Casquette,Accessoires,Auvergne-Rhone-Alpes,Site web,2,14.50,29.00
2026-03-10,Mug ceramique,Maison,Auvergne-Rhone-Alpes,Boutique,1,11.90,11.90
2026-03-10,Carnet A5,Papeterie,Hauts-de-France,Site web,2,6.90,13.80
2026-03-10,Mug ceramique,Maison,Hauts-de-France,Site web,1,11.90,11.90
2026-03-10,Carnet A5,Papeterie,Normandie,Site web,5,6.90,34.50
2026-03-10,Poster A2,Maison,Normandie,Site web,9,9.90,89.10
2026-03-11,Gourde inox,Accessoires,Auvergne-Rhone-Alpes,Site web,1,12.00,12.00
2026-03-11,Gourde inox,Accessoires,Centre-Val de Loire,Site web,6,12.00,72.00
2026-03-11,Mug ceramique,Maison,Nouvelle-Aquitaine,Boutique,2,11.90,23.80
2026-03-12,Carnet A5,Papeterie,Bourgogne-Franche-Comte,Boutique,4,6.90,27.60
2026-03-12,T-shirt logo,Vetements,Centre-Val de Loire,Site web,6,19.90,119.40
2026-03-12,Sweat a capuche,Vetements,Grand Est,Site web,6,39.90,239.40
2026-03-12,Sweat a capuche,Vetements,Grand Est,Site web,4,39.90,159.60
2026-03-12,Poster A2,Maison,Occitanie,Site web,4,9.90,39.60
2026-03-12,Tote bag,Accessoires,Occitanie,Site web,5,8.50,42.50
2026-03-12,T-shirt logo,Vetements,Pays-de-la-Loire,Site web,3,19.90,59.70
2026-03-13,Chaussettes,Vetements,Hauts-de-France,Boutique,6,7.50,45.00
2026-03-13,T-shirt logo,Vetements,Normandie,Boutique,2,19.90,39.80
2026-03-13,Carnet A5,Papeterie,Provence-Alpes-Cote d'Azur,Site web,5,6.90,34.50
2026-03-13,Casquette,Accessoires,Provence-Alpes-Cote d'Azur,Site web,3,14.50,43.50
2026-03-13,Chaussettes,Vetements,Provence-Alpes-Cote d'Azur,Boutique,1,7.50,7.50
2026-03-14,Gourde inox,Accessoires,Auvergne-Rhone-Alpes,Boutique,2,12.00,24.00
2026-03-14,Chaussettes,Vetements,Centre-Val de Loire,Boutique,5,7.50,37.50
2026-03-14,Sweat a capuche,Vetements,Grand Est,Boutique,5,39.90,199.50
2026-03-14,Tote bag,Accessoires,Hauts-de-France,Boutique,6,8.50,51.00
2026-03-14,Chaussettes,Vetements,Normandie,Boutique,2,7.50,15.00
2026-03-15,Tote bag,Accessoires,Ile-de-France,Site web,1,8.50,8.50
2026-03-15,Mug ceramique,Maison,Nouvelle-Aquitaine,Site web,3,11.90,35.70
2026-03-15,T-shirt logo,Vetements,Occitanie,Site web,4,19.90,79.60
2026-03-15,T-shirt logo,Vetements,Pays-de-la-Loire,Site web,4,19.90,79.60
2026-03-15,Tote bag,Accessoires,Pays-de-la-Loire,Site web,1,8.50,8.50
2026-03-15,Mug ceramique,Maison,Provence-Alpes-Cote d'Azur,Boutique,4,11.90,47.60
2026-03-16,Chaussettes,Vetements,Ile-de-France,Site web,6,7.50,45.00
2026-03-16,Mug ceramique,Maison,Ile-de-France,Site web,1,11.90,11.90
2026-03-16,Sweat a capuche,Vetements,Ile-de-France,Boutique,5,39.90,199.50
2026-03-16,Stylo gel,Papeterie,Nouvelle-Aquitaine,Site web,1,2.50,2.50
2026-03-16,Chaussettes,Vetements,Pays-de-la-Loire,Boutique,2,7.50,15.00
2026-03-16,Mug ceramique,Maison,Provence-Alpes-Cote d'Azur,Site web,6,11.90,71.40
2026-03-16,Poster A2,Maison,Provence-Alpes-Cote d'Azur,Site web,2,9.90,19.80
2026-03-17,Tote bag,Accessoires,Auvergne-Rhone-Alpes,Site web,5,8.50,42.50
2026-03-17,Casquette,Accessoires,Hauts-de-France,Boutique,1,14.50,14.50
2026-03-17,Tote bag,Accessoires,Normandie,Site web,2,8.50,17.00
2026-03-17,Tote bag,Accessoires,Nouvelle-Aquitaine,Site web,1,8.50,8.50
2026-03-17,Mug ceramique,Maison,Occitanie,Site web,1,11.90,11.90
2026-03-17,Sweat a capuche,Vetements,Pays-de-la-Loire,Boutique,4,39.90,159.60
2026-03-18,Mug ceramique,Maison,Auvergne-Rhone-Alpes,Boutique,1,11.90,11.90
2026-03-18,Tote bag,Accessoires,Auvergne-Rhone-Alpes,Site web,5,8.50,42.50
2026-03-18,Tote bag,Accessoires,Bourgogne-Franche-Comte,Site web,2,8.50,17.00
2026-03-18,Stylo gel,Papeterie,Bretagne,Site web,6,2.50,15.00
2026-03-18,Casquette,Accessoires,Grand Est,Boutique,5,14.50,72.50
2026-03-18,T-shirt logo,Vetements,Ile-de-France,Boutique,1,19.90,19.90
2026-03-19,Tote bag,Accessoires,Bourgogne-Franche-Comte,Site web,2,8.50,17.00
2026-03-19,Mug ceramique,Maison,Grand Est,Boutique,1,11.90,11.90
2026-03-19,Chaussettes,Vetements,Ile-de-France,Site web,1,7.50,7.50
2026-03-19,Casquette,Accessoires,Occitanie,Site web,5,14.50,72.50
2026-03-19,Poster A2,Maison,Occitanie,Site web,6,9.90,59.40
2026-03-19,Poster A2,Maison,Pays-de-la-Loire,Boutique,7,9.90,69.30
2026-03-20,Tote bag,Accessoires,Grand Est,Site web,6,8.50,51.00
2026-03-20,Carnet A5,Papeterie,Normandie,Boutique,2,6.90,13.80
2026-03-20,Mug ceramique,Maison,Occitanie,Site web,3,11.90,35.70
2026-03-20,Sweat a capuche,Vetements,Pays-de-la-Loire,Boutique,3,39.90,119.70
2026-03-21,Mug ceramique,Maison,Bretagne,Site web,1,11.90,11.90
2026-03-21,Sweat a capuche,Vetements,Bretagne,Site web,2,39.90,79.80
2026-03-21,Mug ceramique,Maison,Occitanie,Boutique,3,11.90,35.70
2026-03-22,Sweat a capuche,Vetements,Auvergne-Rhone-Alpes,Boutique,4,39.90,159.60
2026-03-22,Gourde inox,Accessoires,Bretagne,Site web,5,12.00,60.00
2026-03-22,Poster A2,Maison,Occitanie,Boutique,4,9.90,39.60
2026-03-22,Carnet A5,Papeterie,Provence-Alpes-Cote d'Azur,Site web,5,6.90,34.50
2026-03-22,Tote bag,Accessoires,Provence-Alpes-Cote d'Azur,Site web,3,8.50,25.50
2026-03-23,Casquette,Accessoires,Auvergne-Rhone-Alpes,Boutique,3,14.50,43.50
2026-03-23,T-shirt logo,Vetements,Auvergne-Rhone-Alpes,Boutique,6,19.90,119.40
2026-03-23,T-shirt logo,Vetements,Bretagne,Boutique,2,19.90,39.80
2026-03-23,Poster A2,Maison,Centre-Val de Loire,Site web,8,9.90,79.20
2026-03-23,Tote bag,Accessoires,Normandie,Site web,5,8.50,42.50
2026-03-23,Tote bag,Accessoires,Nouvelle-Aquitaine,Site web,5,8.50,42.50
2026-03-23,Tote bag,Accessoires,Occitanie,Boutique,4,8.50,34.00
2026-03-24,Tote bag,Accessoires,Bourgogne-Franche-Comte,Site web,2,8.50,17.00
2026-03-24,Tote bag,Accessoires,Bretagne,Site web,5,8.50,42.50
2026-03-24,Carnet A5,Papeterie,Centre-Val de Loire,Boutique,3,6.90,20.70
2026-03-24,Carnet A5,Papeterie,Centre-Val de Loire,Site web,4,6.90,27.60
2026-03-24,Poster A2,Maison,Centre-Val de Loire,Boutique,5,9.90,49.50
2026-03-24,Sweat a capuche,Vetements,Hauts-de-France,Site web,2,39.90,79.80
2026-03-24,Mug ceramique,Maison,Ile-de-France,Site web,4,11.90,47.60
2026-03-24,Sweat a capuche,Vetements,Ile-de-France,Site web,6,39.90,239.40
2026-03-24,Chaussettes,Vetements,Normandie,Boutique,3,7.50,22.50
2026-03-24,T-shirt logo,Vetements,Pays-de-la-Loire,Boutique,6,19.90,119.40
2026-03-24,Casquette,Accessoires,Provence-Alpes-Cote d'Azur,Boutique,3,14.50,43.50
2026-03-25,Stylo gel,Papeterie,Auvergne-Rhone-Alpes,Boutique,2,2.50,5.00
2026-03-25,T-shirt logo,Vetements,Grand Est,Boutique,1,19.90,19.90
2026-03-25,Sweat a capuche,Vetements,Occitanie,Site web,3,39.90,119.70
2026-03-25,Mug ceramique,Maison,Provence-Alpes-Cote d'Azur,Site web,4,11.90,47.60
2026-03-26,Carnet A5,Papeterie,Auvergne-Rhone-Alpes,Site web,3,6.90,20.70
2026-03-26,Casquette,Accessoires,Auvergne-Rhone-Alpes,Site web,4,14.50,58.00
2026-03-26,T-shirt logo,Vetements,Bretagne,Site web,3,19.90,59.70
2026-03-27,Gourde inox,Accessoires,Bourgogne-Franche-Comte,Boutique,4,12.00,48.00
2026-03-27,Casquette,Accessoires,Centre-Val de Loire,Site web,5,14.50,72.50
2026-03-27,Casquette,Accessoires,Hauts-de-France,Boutique,4,14.50,58.00
2026-03-27,Gourde inox,Accessoires,Hauts-de-France,Site web,4,12.00,48.00
2026-03-27,Carnet A5,Papeterie,Ile-de-France,Site web,2,6.90,13.80
2026-03-27,Carnet A5,Papeterie,Nouvelle-Aquitaine,Site web,2,6.90,13.80
2026-03-27,Mug ceramique,Maison,Occitanie,Site web,6,11.90,71.40
2026-03-27,Tote bag,Accessoires,Pays-de-la-Loire,Site web,6,8.50,51.00
2026-03-28,Sweat a capuche,Vetements,Hauts-de-France,Site web,4,39.90,159.60
2026-03-28,T-shirt logo,Vetements,Ile-de-France,Site web,6,19.90,119.40
2026-03-28,Casquette,Accessoires,Occitanie,Site web,1,14.50,14.50
2026-03-28,Sweat a capuche,Vetements,Pays-de-la-Loire,Boutique,6,39.90,239.40
2026-03-29,Carnet A5,Papeterie,Auvergne-Rhone-Alpes,Site web,6,6.90,41.40
2026-03-29,Sweat a capuche,Vetements,Bourgogne-Franche-Comte,Site web,3,39.90,119.70
2026-03-29,Stylo gel,Papeterie,Nouvelle-Aquitaine,Site web,1,2.50,2.50
2026-03-29,Carnet A5,Papeterie,Occitanie,Boutique,6,6.90,41.40
2026-03-29,Chaussettes,Vetements,Occitanie,Boutique,6,7.50,45.00
2026-03-29,Mug ceramique,Maison,Pays-de-la-Loire,Site web,3,11.90,35.70
2026-03-30,Gourde inox,Accessoires,Bretagne,Boutique,6,12.00,72.00
2026-03-31,Stylo gel,Papeterie,Centre-Val de Loire,Boutique,6,2.50,15.00
2026-03-31,Stylo gel,Papeterie,Hauts-de-France,Site web,1,2.50,2.50
2026-04-01,Carnet A5,Papeterie,Auvergne-Rhone-Alpes,Boutique,8,6.90,55.20
2026-04-01,Tote bag,Accessoires,Bretagne,Site web,2,8.50,17.00
2026-04-02,Mug ceramique,Maison,Bretagne,Site web,9,11.90,107.10
2026-04-02,Casquette,Accessoires,Occitanie,Boutique,1,14.50,14.50
2026-04-02,Poster A2,Maison,Pays-de-la-Loire,Boutique,1,9.90,9.90
2026-04-03,Sweat a capuche,Vetements,Auvergne-Rhone-Alpes,Site web,4,39.90,159.60
2026-04-03,T-shirt logo,Vetements,Auvergne-Rhone-Alpes,Boutique,4,19.90,79.60
2026-04-03,Stylo gel,Papeterie,Ile-de-France,Site web,9,2.50,22.50
2026-04-03,Sweat a capuche,Vetements,Provence-Alpes-Cote d'Azur,Site web,4,39.90,159.60
2026-04-04,Tote bag,Accessoires,Bourgogne-Franche-Comte,Boutique,6,8.50,51.00
2026-04-04,Sweat a capuche,Vetements,Bretagne,Site web,2,39.90,79.80
2026-04-04,Tote bag,Accessoires,Bretagne,Boutique,2,8.50,17.00
2026-04-04,T-shirt logo,Vetements,Hauts-de-France,Site web,5,19.90,99.50
2026-04-04,Tote bag,Accessoires,Occitanie,Site web,1,8.50,8.50
2026-04-05,T-shirt logo,Vetements,Bourgogne-Franche-Comte,Boutique,2,19.90,39.80
2026-04-05,Casquette,Accessoires,Grand Est,Site web,2,14.50,29.00
2026-04-05,T-shirt logo,Vetements,Hauts-de-France,Site web,3,19.90,59.70
2026-04-05,Chaussettes,Vetements,Ile-de-France,Boutique,3,7.50,22.50
2026-04-06,Casquette,Accessoires,Bretagne,Site web,5,14.50,72.50
2026-04-06,Gourde inox,Accessoires,Centre-Val de Loire,Site web,4,12.00,48.00
2026-04-06,Sweat a capuche,Vetements,Grand Est,Site web,4,39.90,159.60
2026-04-06,Sweat a capuche,Vetements,Grand Est,Boutique,4,39.90,159.60
2026-04-06,Sweat a capuche,Vetements,Ile-de-France,Boutique,7,39.90,279.30
2026-04-06,Poster A2,Maison,Provence-Alpes-Cote d'Azur,Boutique,3,9.90,29.70
2026-04-07,Tote bag,Accessoires,Bretagne,Site web,4,8.50,34.00
2026-04-07,Chaussettes,Vetements,Centre-Val de Loire,Site web,3,7.50,22.50
2026-04-07,Poster A2,Maison,Centre-Val de Loire,Boutique,3,9.90,29.70
2026-04-07,Tote bag,Accessoires,Grand Est,Site web,2,8.50,17.00
2026-04-07,Sweat a capuche,Vetements,Ile-de-France,Boutique,4,39.90,159.60
2026-04-07,Carnet A5,Papeterie,Provence-Alpes-Cote d'Azur,Site web,4,6.90,27.60
2026-04-08,Poster A2,Maison,Bretagne,Site web,1,9.90,9.90
2026-04-08,Chaussettes,Vetements,Hauts-de-France,Site web,7,7.50,52.50
2026-04-08,Poster A2,Maison,Hauts-de-France,Site web,7,9.90,69.30
2026-04-08,Chaussettes,Vetements,Nouvelle-Aquitaine,Site web,7,7.50,52.50
2026-04-08,Carnet A5,Papeterie,Occitanie,Boutique,1,6.90,6.90
2026-04-08,Mug ceramique,Maison,Provence-Alpes-Cote d'Azur,Site web,1,11.90,11.90
2026-04-09,Carnet A5,Papeterie,Auvergne-Rhone-Alpes,Site web,6,6.90,41.40
2026-04-09,Stylo gel,Papeterie,Bretagne,Site web,2,2.50,5.00
2026-04-09,Casquette,Accessoires,Corse,Boutique,2,14.50,29.00
2026-04-09,Casquette,Accessoires,Nouvelle-Aquitaine,Boutique,1,14.50,14.50
2026-04-09,Sweat a capuche,Vetements,Occitanie,Site web,3,39.90,119.70
2026-04-09,Gourde inox,Accessoires,Pays-de-la-Loire,Site web,2,12.00,24.00
2026-04-10,Stylo gel,Papeterie,Auvergne-Rhone-Alpes,Site web,10,2.50,25.00
2026-04-10,Mug ceramique,Maison,Bourgogne-Franche-Comte,Boutique,4,11.90,47.60
2026-04-10,Tote bag,Accessoires,Ile-de-France,Site web,1,8.50,8.50
2026-04-10,Mug ceramique,Maison,Normandie,Site web,7,11.90,83.30
2026-04-10,Poster A2,Maison,Provence-Alpes-Cote d'Azur,Site web,8,9.90,79.20
2026-04-11,Carnet A5,Papeterie,Auvergne-Rhone-Alpes,Boutique,2,6.90,13.80
2026-04-11,Gourde inox,Accessoires,Auvergne-Rhone-Alpes,Site web,6,12.00,72.00
2026-04-11,Gourde inox,Accessoires,Hauts-de-France,Boutique,6,12.00,72.00
2026-04-11,T-shirt logo,Vetements,Occitanie,Boutique,5,19.90,99.50
2026-04-12,T-shirt logo,Vetements,Bourgogne-Franche-Comte,Boutique,1,19.90,19.90
2026-04-12,Poster A2,Maison,Grand Est,Boutique,8,9.90,79.20
2026-04-12,Poster A2,Maison,Ile-de-France,Site web,2,9.90,19.80
2026-04-12,Mug ceramique,Maison,Normandie,Site web,4,11.90,47.60
2026-04-12,Stylo gel,Papeterie,Normandie,Site web,3,2.50,7.50
2026-04-12,Poster A2,Maison,Nouvelle-Aquitaine,Site web,2,9.90,19.80
2026-04-13,Poster A2,Maison,Centre-Val de Loire,Boutique,8,9.90,79.20
2026-04-13,Sweat a capuche,Vetements,Centre-Val de Loire,Site web,3,39.90,119.70
2026-04-13,Casquette,Accessoires,Hauts-de-France,Boutique,1,14.50,14.50
2026-04-13,Chaussettes,Vetements,Ile-de-France,Site web,3,7.50,22.50
2026-04-13,Chaussettes,Vetements,Provence-Alpes-Cote d'Azur,Boutique,3,7.50,22.50
2026-04-13,Chaussettes,Vetements,Provence-Alpes-Cote d'Azur,Site web,5,7.50,37.50
2026-04-14,Carnet A5,Papeterie,Hauts-de-France,Boutique,2,6.90,13.80
2026-04-14,T-shirt logo,Vetements,Normandie,Site web,7,19.90,139.30
2026-04-15,Mug ceramique,Maison,Auvergne-Rhone-Alpes,Site web,6,11.90,71.40
2026-04-15,T-shirt logo,Vetements,Auvergne-Rhone-Alpes,Boutique,2,19.90,39.80
2026-04-15,Gourde inox,Accessoires,Bourgogne-Franche-Comte,Boutique,5,12.00,60.00
2026-04-15,Sweat a capuche,Vetements,Bretagne,Boutique,4,39.90,159.60
2026-04-15,Gourde inox,Accessoires,Grand Est,Site web,1,12.00,12.00
2026-04-15,Tote bag,Accessoires,Grand Est,Boutique,1,8.50,8.50
2026-04-15,Poster A2,Maison,Normandie,Boutique,2,9.90,19.80
2026-04-16,Tote bag,Accessoires,Auvergne-Rhone-Alpes,Site web,5,8.50,42.50
2026-04-16,Tote bag,Accessoires,Bourgogne-Franche-Comte,Boutique,1,8.50,8.50
2026-04-16,Sweat a capuche,Vetements,Hauts-de-France,Boutique,3,39.90,119.70
2026-04-16,Carnet A5,Papeterie,Nouvelle-Aquitaine,Site web,4,6.90,27.60
2026-04-16,Sweat a capuche,Vetements,Occitanie,Boutique,4,39.90,159.60
2026-04-16,T-shirt logo,Vetements,Occitanie,Site web,1,19.90,19.90
2026-04-17,Gourde inox,Accessoires,Bourgogne-Franche-Comte,Boutique,2,12.00,24.00
2026-04-17,Sweat a capuche,Vetements,Bretagne,Site web,3,39.90,119.70
2026-04-17,Chaussettes,Vetements,Hauts-de-France,Boutique,9,7.50,67.50
2026-04-17,Gourde inox,Accessoires,Occitanie,Site web,8,12.00,96.00
2026-04-17,Poster A2,Maison,Occitanie,Site web,6,9.90,59.40
2026-04-18,Gourde inox,Accessoires,Centre-Val de Loire,Site web,8,12.00,96.00
2026-04-18,Mug ceramique,Maison,Hauts-de-France,Site web,2,11.90,23.80
2026-04-18,Sweat a capuche,Vetements,Ile-de-France,Boutique,6,39.90,239.40
2026-04-18,Mug ceramique,Maison,Normandie,Boutique,4,11.90,47.60
2026-04-18,Carnet A5,Papeterie,Nouvelle-Aquitaine,Site web,3,6.90,20.70
2026-04-19,Tote bag,Accessoires,Auvergne-Rhone-Alpes,Boutique,6,8.50,51.00
2026-04-19,Sweat a capuche,Vetements,Bourgogne-Franche-Comte,Site web,6,39.90,239.40
2026-04-19,Poster A2,Maison,Grand Est,Boutique,3,9.90,29.70
2026-04-19,Casquette,Accessoires,Hauts-de-France,Site web,6,14.50,87.00
2026-04-19,Tote bag,Accessoires,Normandie,Boutique,5,8.50,42.50
2026-04-19,Poster A2,Maison,Nouvelle-Aquitaine,Site web,6,9.90,59.40
2026-04-19,Sweat a capuche,Vetements,Occitanie,Boutique,4,39.90,159.60
2026-04-19,T-shirt logo,Vetements,Pays-de-la-Loire,Boutique,3,19.90,59.70
2026-04-19,T-shirt logo,Vetements,Provence-Alpes-Cote d'Azur,Site web,1,19.90,19.90
2026-04-20,Casquette,Accessoires,Bretagne,Site web,3,14.50,43.50
2026-04-20,Chaussettes,Vetements,Bretagne,Boutique,6,7.50,45.00
2026-04-20,Tote bag,Accessoires,Nouvelle-Aquitaine,Site web,5,8.50,42.50
2026-04-20,Sweat a capuche,Vetements,Occitanie,Boutique,3,39.90,119.70
2026-04-21,T-shirt logo,Vetements,Auvergne-Rhone-Alpes,Site web,2,19.90,39.80
2026-04-21,Mug ceramique,Maison,Centre-Val de Loire,Site web,2,11.90,23.80
2026-04-21,Poster A2,Maison,Corse,Boutique,6,9.90,59.40
2026-04-21,Gourde inox,Accessoires,Grand Est,Site web,6,12.00,72.00
2026-04-21,Sweat a capuche,Vetements,Hauts-de-France,Boutique,2,39.90,79.80
2026-04-21,Mug ceramique,Maison,Nouvelle-Aquitaine,Boutique,4,11.90,47.60
2026-04-21,Poster A2,Maison,Occitanie,Site web,2,9.90,19.80
2026-04-21,Puzzle 100 pieces,Jouet,Pays-de-la-Loire,Boutique,4,6.90,27.60
2026-04-21,Tote bag,Accessoires,Pays-de-la-Loire,Site web,1,8.50,8.50
2026-04-21,Casquette,Accessoires,Provence-Alpes-Cote d'Azur,Boutique,2,14.50,29.00
2026-04-21,Tote bag,Accessoires,Provence-Alpes-Cote d'Azur,Site web,6,8.50,51.00
2026-04-22,Carnet A5,Papeterie,Auvergne-Rhone-Alpes,Boutique,3,6.90,20.70
2026-04-22,T-shirt logo,Vetements,Hauts-de-France,Site web,3,19.90,59.70
2026-04-22,Chaussettes,Vetements,Pays-de-la-Loire,Boutique,7,7.50,52.50
2026-04-22,Chaussettes,Vetements,Provence-Alpes-Cote d'Azur,Site web,8,7.50,60.00
2026-04-22,Tote bag,Accessoires,Provence-Alpes-Cote d'Azur,Site web,1,8.50,8.50
2026-04-23,Chaussettes,Vetements,Bretagne,Boutique,4,7.50,30.00
2026-04-23,Tote bag,Accessoires,Grand Est,Boutique,5,8.50,42.50
2026-04-23,Gourde inox,Accessoires,Hauts-de-France,Site web,9,12.00,108.00
2026-04-23,Gourde inox,Accessoires,Hauts-de-France,Boutique,4,12.00,48.00
2026-04-23,Stylo gel,Papeterie,Occitanie,Site web,4,2.50,10.00
2026-04-24,Tote bag,Accessoires,Bretagne,Site web,2,8.50,17.00
2026-04-24,Tote bag,Accessoires,Centre-Val de Loire,Boutique,1,8.50,8.50
2026-04-24,Carnet A5,Papeterie,Ile-de-France,Boutique,5,6.90,34.50
2026-04-24,Mug ceramique,Maison,Normandie,Boutique,4,11.90,47.60
2026-04-24,Chaussettes,Vetements,Pays-de-la-Loire,Boutique,1,7.50,7.50
2026-04-24,Sweat a capuche,Vetements,Pays-de-la-Loire,Site web,6,39.90,239.40
2026-04-25,T-shirt logo,Vetements,Bretagne,Site web,5,19.90,99.50
2026-04-25,Carnet A5,Papeterie,Grand Est,Site web,3,6.90,20.70
2026-04-25,Poster A2,Maison,Hauts-de-France,Site web,9,9.90,89.10
2026-04-25,Sweat a capuche,Vetements,Ile-de-France,Site web,7,39.90,279.30
2026-04-25,Chaussettes,Vetements,Occitanie,Site web,4,7.50,30.00
2026-04-26,Carnet A5,Papeterie,Hauts-de-France,Boutique,4,6.90,27.60
2026-04-26,Sweat a capuche,Vetements,Ile-de-France,Site web,4,39.90,159.60
2026-04-26,Chaussettes,Vetements,Occitanie,Site web,4,7.50,30.00
2026-04-26,Stylo gel,Papeterie,Provence-Alpes-Cote d'Azur,Boutique,4,2.50,10.00
2026-04-27,Sweat a capuche,Vetements,Auvergne-Rhone-Alpes,Boutique,4,39.90,159.60
2026-04-27,Casquette,Accessoires,Bourgogne-Franche-Comte,Site web,3,14.50,43.50
2026-04-27,Chaussettes,Vetements,Bourgogne-Franche-Comte,Boutique,5,7.50,37.50
2026-04-27,Sweat a capuche,Vetements,Grand Est,Site web,3,39.90,119.70
2026-04-27,Carnet A5,Papeterie,Ile-de-France,Boutique,3,6.90,20.70
2026-04-27,Sweat a capuche,Vetements,Normandie,Site web,4,39.90,159.60
2026-04-27,Mug ceramique,Maison,Nouvelle-Aquitaine,Site web,2,11.90,23.80
2026-04-27,Poster A2,Maison,Provence-Alpes-Cote d'Azur,Site web,6,9.90,59.40
2026-04-28,Casquette,Accessoires,Auvergne-Rhone-Alpes,Site web,6,14.50,87.00
2026-04-28,Sweat a capuche,Vetements,Pays-de-la-Loire,Site web,6,39.90,239.40
2026-04-29,T-shirt logo,Vetements,Bourgogne-Franche-Comte,Boutique,3,19.90,59.70
2026-04-29,Tote bag,Accessoires,Bretagne,Boutique,3,8.50,25.50
2026-04-29,Tote bag,Accessoires,Hauts-de-France,Site web,4,8.50,34.00
2026-04-29,Carnet A5,Papeterie,Occitanie,Site web,2,6.90,13.80
2026-04-29,Tote bag,Accessoires,Provence-Alpes-Cote d'Azur,Site web,2,8.50,17.00
2026-04-30,Chaussettes,Vetements,Auvergne-Rhone-Alpes,Boutique,10,7.50,75.00
2026-04-30,Mug ceramique,Maison,Hauts-de-France,Site web,5,11.90,59.50
2026-04-30,Sweat a capuche,Vetements,Hauts-de-France,Site web,6,39.90,239.40
2026-04-30,Sweat a capuche,Vetements,Normandie,Boutique,2,39.90,79.80
2026-04-30,Mug ceramique,Maison,Pays-de-la-Loire,Site web,6,11.90,71.40
2026-04-30,Poster A2,Maison,Pays-de-la-Loire,Site web,2,9.90,19.80
2026-05-01,Mug ceramique,Maison,Bretagne,Boutique,1,11.90,11.90
2026-05-01,Mug ceramique,Maison,Grand Est,Boutique,3,11.90,35.70
2026-05-02,Poster A2,Maison,Centre-Val de Loire,Site web,7,9.90,69.30
2026-05-02,Tote bag,Accessoires,Corse,Site web,6,8.50,51.00
2026-05-02,Carnet A5,Papeterie,Occitanie,Site web,3,6.90,20.70
2026-05-02,T-shirt logo,Vetements,Occitanie,Boutique,2,19.90,39.80
2026-05-02,Mug ceramique,Maison,Pays-de-la-Loire,Site web,4,11.90,47.60
2026-05-03,Tote bag,Accessoires,Auvergne-Rhone-Alpes,Boutique,6,8.50,51.00
2026-05-03,Tote bag,Accessoires,Bourgogne-Franche-Comte,Site web,5,8.50,42.50
2026-05-03,Chaussettes,Vetements,Bretagne,Boutique,1,7.50,7.50
2026-05-03,Casquette,Accessoires,Corse,Site web,7,14.50,101.50
2026-05-03,Sweat a capuche,Vetements,Corse,Boutique,2,39.90,79.80
2026-05-03,Mug ceramique,Maison,Grand Est,Boutique,4,11.90,47.60
2026-05-03,Chaussettes,Vetements,Nouvelle-Aquitaine,Boutique,6,7.50,45.00
2026-05-03,Carnet A5,Papeterie,Occitanie,Site web,1,6.90,6.90
2026-05-03,Carnet A5,Papeterie,Provence-Alpes-Cote d'Azur,Site web,1,6.90,6.90
2026-05-03,Sweat a capuche,Vetements,Provence-Alpes-Cote d'Azur,Boutique,5,39.90,199.50
2026-05-04,Poster A2,Maison,Bretagne,Boutique,4,9.90,39.60
2026-05-04,Sweat a capuche,Vetements,Bretagne,Site web,5,39.90,199.50
2026-05-04,Mug ceramique,Maison,Centre-Val de Loire,Boutique,5,11.90,59.50
2026-05-04,Stylo gel,Papeterie,Hauts-de-France,Site web,2,2.50,5.00
2026-05-04,T-shirt logo,Vetements,Normandie,Boutique,10,19.90,199.00
2026-05-04,Mug ceramique,Maison,Provence-Alpes-Cote d'Azur,Boutique,3,11.90,35.70
2026-05-05,Poster A2,Maison,Bourgogne-Franche-Comte,Boutique,5,9.90,49.50
2026-05-05,Stylo gel,Papeterie,Bretagne,Site web,5,2.50,12.50
2026-05-05,Poster A2,Maison,Centre-Val de Loire,Boutique,1,9.90,9.90
2026-05-05,Sweat a capuche,Vetements,Nouvelle-Aquitaine,Boutique,5,39.90,199.50
2026-05-06,Chaussettes,Vetements,Bourgogne-Franche-Comte,Boutique,7,7.50,52.50
2026-05-06,Gourde inox,Accessoires,Hauts-de-France,Boutique,5,12.00,60.00
2026-05-06,Gourde inox,Accessoires,Occitanie,Boutique,3,12.00,36.00
2026-05-06,Chaussettes,Vetements,Pays-de-la-Loire,Site web,5,7.50,37.50
2026-05-07,Poster A2,Maison,Bourgogne-Franche-Comte,Site web,5,9.90,49.50
2026-05-07,Casquette,Accessoires,Ile-de-France,Site web,6,14.50,87.00
2026-05-07,Chaussettes,Vetements,Ile-de-France,Boutique,2,7.50,15.00
2026-05-07,T-shirt logo,Vetements,Ile-de-France,Site web,4,19.90,79.60
2026-05-07,Sweat a capuche,Vetements,Pays-de-la-Loire,Boutique,7,39.90,279.30
2026-05-07,Sweat a capuche,Vetements,Provence-Alpes-Cote d'Azur,Boutique,5,39.90,199.50
2026-05-08,Gourde inox,Accessoires,Auvergne-Rhone-Alpes,Site web,3,12.00,36.00
2026-05-08,Mug ceramique,Maison,Auvergne-Rhone-Alpes,Site web,3,11.90,35.70
2026-05-08,Mug ceramique,Maison,Bretagne,Site web,2,11.90,23.80
2026-05-08,Sweat a capuche,Vetements,Normandie,Site web,5,39.90,199.50
2026-05-08,T-shirt logo,Vetements,Nouvelle-Aquitaine,Boutique,1,19.90,19.90
2026-05-08,Sweat a capuche,Vetements,Provence-Alpes-Cote d'Azur,Site web,1,39.90,39.90
2026-05-09,Carnet A5,Papeterie,Auvergne-Rhone-Alpes,Boutique,5,6.90,34.50
2026-05-09,Gourde inox,Accessoires,Hauts-de-France,Site web,8,12.00,96.00
2026-05-09,T-shirt logo,Vetements,Pays-de-la-Loire,Boutique,2,19.90,39.80
2026-05-10,Gourde inox,Accessoires,Hauts-de-France,Site web,4,12.00,48.00
2026-05-10,T-shirt logo,Vetements,Ile-de-France,Site web,4,19.90,79.60
2026-05-10,T-shirt logo,Vetements,Nouvelle-Aquitaine,Site web,1,19.90,19.90
2026-05-10,Sweat a capuche,Vetements,Occitanie,Boutique,4,39.90,159.60
2026-05-11,Carnet A5,Papeterie,Bretagne,Boutique,3,6.90,20.70
2026-05-12,Carnet A5,Papeterie,Bourgogne-Franche-Comte,Site web,1,6.90,6.90
2026-05-12,Mug ceramique,Maison,Grand Est,Site web,2,11.90,23.80
2026-05-12,T-shirt logo,Vetements,Grand Est,Boutique,1,19.90,19.90
2026-05-12,Mug ceramique,Maison,Hauts-de-France,Boutique,4,11.90,47.60
2026-05-12,T-shirt logo,Vetements,Nouvelle-Aquitaine,Site web,2,19.90,39.80
2026-05-12,Tote bag,Accessoires,Nouvelle-Aquitaine,Site web,1,8.50,8.50
2026-05-12,T-shirt logo,Vetements,Occitanie,Boutique,3,19.90,59.70
2026-05-13,Gourde inox,Accessoires,Auvergne-Rhone-Alpes,Site web,2,12.00,24.00
2026-05-13,Sweat a capuche,Vetements,Hauts-de-France,Boutique,4,39.90,159.60
2026-05-13,Mug ceramique,Maison,Nouvelle-Aquitaine,Site web,5,11.90,59.50
2026-05-13,Stylo gel,Papeterie,Occitanie,Boutique,6,2.50,15.00
2026-05-14,Mug ceramique,Maison,Auvergne-Rhone-Alpes,Boutique,5,11.90,59.50
2026-05-15,Casquette,Accessoires,Auvergne-Rhone-Alpes,Site web,6,14.50,87.00
2026-05-15,Sweat a capuche,Vetements,Centre-Val de Loire,Boutique,4,39.90,159.60
2026-05-15,Sweat a capuche,Vetements,Grand Est,Boutique,4,39.90,159.60
2026-05-15,Tote bag,Accessoires,Grand Est,Site web,2,8.50,17.00
2026-05-15,Tote bag,Accessoires,Ile-de-France,Site web,7,8.50,59.50
2026-05-15,Tote bag,Accessoires,Normandie,Site web,1,8.50,8.50
2026-05-15,Poster A2,Maison,Pays-de-la-Loire,Site web,2,9.90,19.80
2026-05-16,Poster A2,Maison,Auvergne-Rhone-Alpes,Boutique,5,9.90,49.50
2026-05-16,Casquette,Accessoires,Grand Est,Site web,1,14.50,14.50
2026-05-16,Gourde inox,Accessoires,Nouvelle-Aquitaine,Boutique,6,12.00,72.00
2026-05-16,Tote bag,Accessoires,Pays-de-la-Loire,Site web,7,8.50,59.50
2026-05-17,Mug ceramique,Maison,Bretagne,Site web,1,11.90,11.90
2026-05-17,Sweat a capuche,Vetements,Bretagne,Boutique,5,39.90,199.50
2026-05-17,T-shirt logo,Vetements,Bretagne,Boutique,3,19.90,59.70
2026-05-17,Poster A2,Maison,Grand Est,Site web,4,9.90,39.60
2026-05-17,T-shirt logo,Vetements,Ile-de-France,Site web,3,19.90,59.70
2026-05-17,Mug ceramique,Maison,Normandie,Site web,3,11.90,35.70
2026-05-17,Gourde inox,Accessoires,Nouvelle-Aquitaine,Site web,1,12.00,12.00
2026-05-17,Poster A2,Maison,Pays-de-la-Loire,Site web,2,9.90,19.80
2026-05-18,Tote bag,Accessoires,Auvergne-Rhone-Alpes,Site web,5,8.50,42.50
2026-05-18,Casquette,Accessoires,Hauts-de-France,Site web,6,14.50,87.00
2026-05-18,Gourde inox,Accessoires,Hauts-de-France,Site web,1,12.00,12.00
2026-05-18,Tote bag,Accessoires,Ile-de-France,Site web,1,8.50,8.50
2026-05-18,Mug ceramique,Maison,Normandie,Site web,4,11.90,47.60
2026-05-18,Chaussettes,Vetements,Nouvelle-Aquitaine,Boutique,5,7.50,37.50
2026-05-18,Poster A2,Maison,Pays-de-la-Loire,Boutique,5,9.90,49.50
2026-05-19,Casquette,Accessoires,Bretagne,Site web,4,14.50,58.00
2026-05-19,T-shirt logo,Vetements,Bretagne,Site web,7,19.90,139.30
2026-05-19,Sweat a capuche,Vetements,Grand Est,Site web,1,39.90,39.90
2026-05-19,Stylo gel,Papeterie,Nouvelle-Aquitaine,Site web,5,2.50,12.50
2026-05-19,Stylo gel,Papeterie,Nouvelle-Aquitaine,Site web,2,2.50,5.00
2026-05-19,Stylo gel,Papeterie,Occitanie,Site web,6,2.50,15.00
2026-05-20,Stylo gel,Papeterie,Ile-de-France,Site web,1,2.50,2.50
2026-05-20,Sweat a capuche,Vetements,Provence-Alpes-Cote d'Azur,Boutique,2,39.90,79.80
2026-05-21,Gourde inox,Accessoires,Bourgogne-Franche-Comte,Site web,1,12.00,12.00
2026-05-21,Mug ceramique,Maison,Bretagne,Site web,1,11.90,11.90
2026-05-21,Sweat a capuche,Vetements,Bretagne,Site web,4,39.90,159.60
2026-05-21,Sweat a capuche,Vetements,Centre-Val de Loire,Site web,8,39.90,319.20
2026-05-21,Carnet A5,Papeterie,Grand Est,Site web,6,6.90,41.40
2026-05-21,T-shirt logo,Vetements,Normandie,Site web,5,19.90,99.50
2026-05-21,Chaussettes,Vetements,Occitanie,Site web,6,7.50,45.00
2026-05-22,Chaussettes,Vetements,Hauts-de-France,Boutique,6,7.50,45.00
2026-05-22,Poster A2,Maison,Hauts-de-France,Boutique,6,9.90,59.40
2026-05-22,Gourde inox,Accessoires,Normandie,Boutique,7,12.00,84.00
2026-05-22,Tote bag,Accessoires,Normandie,Boutique,7,8.50,59.50
2026-05-22,T-shirt logo,Vetements,Occitanie,Site web,1,19.90,19.90
2026-05-22,Casquette,Accessoires,Provence-Alpes-Cote d'Azur,Site web,6,14.50,87.00
2026-05-23,Mug ceramique,Maison,Normandie,Site web,2,11.90,23.80
2026-05-23,Poster A2,Maison,Normandie,Site web,1,9.90,9.90
2026-05-23,Casquette,Accessoires,Nouvelle-Aquitaine,Site web,2,14.50,29.00
2026-05-23,Gourde inox,Accessoires,Nouvelle-Aquitaine,Boutique,1,12.00,12.00
2026-05-23,Gourde inox,Accessoires,Occitanie,Boutique,6,12.00,72.00
2026-05-23,Sweat a capuche,Vetements,Pays-de-la-Loire,Site web,4,39.90,159.60
2026-05-24,Poster A2,Maison,Bretagne,Boutique,3,9.90,29.70
2026-05-24,Mug ceramique,Maison,Hauts-de-France,Boutique,3,11.90,35.70
2026-05-24,Stylo gel,Papeterie,Normandie,Site web,1,2.50,2.50
2026-05-24,Chaussettes,Vetements,Pays-de-la-Loire,Site web,2,7.50,15.00
2026-05-24,Gourde inox,Accessoires,Pays-de-la-Loire,Site web,6,12.00,72.00
2026-05-24,Gourde inox,Accessoires,Pays-de-la-Loire,Site web,6,12.00,72.00
2026-05-24,Chaussettes,Vetements,Provence-Alpes-Cote d'Azur,Boutique,3,7.50,22.50
2026-05-25,T-shirt logo,Vetements,Auvergne-Rhone-Alpes,Boutique,10,19.90,199.00
2026-05-25,Gourde inox,Accessoires,Grand Est,Boutique,7,12.00,84.00
2026-05-25,Mug ceramique,Maison,Grand Est,Site web,1,11.90,11.90
2026-05-25,Sweat a capuche,Vetements,Grand Est,Site web,1,39.90,39.90
2026-05-25,Sweat a capuche,Vetements,Normandie,Boutique,4,39.90,159.60
2026-05-25,Tote bag,Accessoires,Nouvelle-Aquitaine,Boutique,3,8.50,25.50
2026-05-26,Tote bag,Accessoires,Auvergne-Rhone-Alpes,Site web,6,8.50,51.00
2026-05-26,Mug ceramique,Maison,Bretagne,Site web,1,11.90,11.90
2026-05-26,Mug ceramique,Maison,Centre-Val de Loire,Boutique,5,11.90,59.50
2026-05-26,Mug ceramique,Maison,Occitanie,Boutique,3,11.90,35.70
2026-05-26,T-shirt logo,Vetements,Pays-de-la-Loire,Boutique,4,19.90,79.60
2026-05-27,Tote bag,Accessoires,Grand Est,Site web,1,8.50,8.50
2026-05-27,Poster A2,Maison,Ile-de-France,Boutique,8,9.90,79.20
2026-05-27,Chaussettes,Vetements,Normandie,Site web,8,7.50,60.00
2026-05-27,T-shirt logo,Vetements,Provence-Alpes-Cote d'Azur,Site web,1,19.90,19.90
2026-05-28,Mug ceramique,Maison,Auvergne-Rhone-Alpes,Site web,1,11.90,11.90
2026-05-28,Carnet A5,Papeterie,Grand Est,Site web,6,6.90,41.40
2026-05-28,Sweat a capuche,Vetements,Grand Est,Boutique,2,39.90,79.80
2026-05-28,Mug ceramique,Maison,Hauts-de-France,Site web,6,11.90,71.40
2026-05-28,Poster A2,Maison,Ile-de-France,Boutique,4,9.90,39.60
2026-05-28,Poster A2,Maison,Normandie,Boutique,8,9.90,79.20
2026-05-28,Poster A2,Maison,Pays-de-la-Loire,Boutique,6,9.90,59.40
2026-05-29,Poster A2,Maison,Auvergne-Rhone-Alpes,Boutique,1,9.90,9.90
2026-05-29,Poster A2,Maison,Centre-Val de Loire,Site web,3,9.90,29.70
2026-05-29,Casquette,Accessoires,Grand Est,Site web,5,14.50,72.50
2026-05-29,Poster A2,Maison,Ile-de-France,Site web,5,9.90,49.50
2026-05-29,Carnet A5,Papeterie,Nouvelle-Aquitaine,Site web,1,6.90,6.90
2026-05-29,Casquette,Accessoires,Occitanie,Site web,3,14.50,43.50
2026-05-29,Mug ceramique,Maison,Occitanie,Boutique,5,11.90,59.50
2026-05-30,Chaussettes,Vetements,Auvergne-Rhone-Alpes,Boutique,7,7.50,52.50
2026-05-30,Casquette,Accessoires,Bretagne,Site web,4,14.50,58.00
2026-05-30,Sweat a capuche,Vetements,Centre-Val de Loire,Site web,7,39.90,279.30
2026-05-30,Sweat a capuche,Vetements,Ile-de-France,Site web,6,39.90,239.40
2026-05-31,Chaussettes,Vetements,Bretagne,Boutique,6,7.50,45.00
2026-05-31,T-shirt logo,Vetements,Ile-de-France,Site web,4,19.90,79.60
2026-05-31,Stylo gel,Papeterie,Nouvelle-Aquitaine,Boutique,3,2.50,7.50
2026-05-31,Puzzle 100 pieces,Jouet,Pays-de-la-Loire,Boutique,4,6.90,27.60
2026-06-01,Sweat a capuche,Vetements,Bourgogne-Franche-Comte,Site web,4,39.90,159.60
2026-06-01,Mug ceramique,Maison,Bretagne,Site web,6,11.90,71.40
2026-06-01,T-shirt logo,Vetements,Provence-Alpes-Cote d'Azur,Site web,3,19.90,59.70
2026-06-02,Chaussettes,Vetements,Centre-Val de Loire,Boutique,1,7.50,7.50
2026-06-02,Casquette,Accessoires,Corse,Boutique,1,14.50,14.50
2026-06-02,Stylo gel,Papeterie,Hauts-de-France,Boutique,3,2.50,7.50
2026-06-02,Mug ceramique,Maison,Ile-de-France,Site web,4,11.90,47.60
2026-06-02,Tote bag,Accessoires,Pays-de-la-Loire,Site web,8,8.50,68.00
2026-06-02,Tote bag,Accessoires,Pays-de-la-Loire,Site web,5,8.50,42.50
2026-06-03,Carnet A5,Papeterie,Bretagne,Boutique,5,6.90,34.50
2026-06-03,Carnet A5,Papeterie,Occitanie,Boutique,9,6.90,62.10
2026-06-03,Gourde inox,Accessoires,Pays-de-la-Loire,Site web,1,12.00,12.00
2026-06-03,Puzzle 100 pieces,Jouet,Pays-de-la-Loire,Boutique,3,6.90,20.70
2026-06-03,Sweat a capuche,Vetements,Pays-de-la-Loire,Boutique,4,39.90,159.60
2026-06-04,Gourde inox,Accessoires,Auvergne-Rhone-Alpes,Site web,2,12.00,24.00
2026-06-04,Gourde inox,Accessoires,Auvergne-Rhone-Alpes,Site web,2,12.00,24.00
2026-06-04,T-shirt logo,Vetements,Auvergne-Rhone-Alpes,Site web,3,19.90,59.70
2026-06-04,Sweat a capuche,Vetements,Ile-de-France,Boutique,3,39.90,119.70
2026-06-05,Tote bag,Accessoires,Auvergne-Rhone-Alpes,Site web,8,8.50,68.00
2026-06-05,Sweat a capuche,Vetements,Corse,Boutique,2,39.90,79.80
2026-06-05,Gourde inox,Accessoires,Hauts-de-France,Boutique,2,12.00,24.00
2026-06-05,Tote bag,Accessoires,Normandie,Site web,3,8.50,25.50
2026-06-05,Carnet A5,Papeterie,Nouvelle-Aquitaine,Site web,8,6.90,55.20
2026-06-05,Poster A2,Maison,Occitanie,Boutique,1,9.90,9.90
2026-06-05,Tote bag,Accessoires,Occitanie,Site web,4,8.50,34.00
2026-06-05,Mug ceramique,Maison,Provence-Alpes-Cote d'Azur,Site web,8,11.90,95.20
2026-06-06,Poster A2,Maison,Bourgogne-Franche-Comte,Site web,4,9.90,39.60
2026-06-06,Stylo gel,Papeterie,Bourgogne-Franche-Comte,Site web,2,2.50,5.00
2026-06-06,Poster A2,Maison,Bretagne,Boutique,4,9.90,39.60
2026-06-06,T-shirt logo,Vetements,Centre-Val de Loire,Boutique,1,19.90,19.90
2026-06-06,Chaussettes,Vetements,Hauts-de-France,Site web,8,7.50,60.00
2026-06-06,Chaussettes,Vetements,Nouvelle-Aquitaine,Site web,4,7.50,30.00
2026-06-06,Gourde inox,Accessoires,Nouvelle-Aquitaine,Boutique,5,12.00,60.00
2026-06-06,Carnet A5,Papeterie,Occitanie,Boutique,4,6.90,27.60
2026-06-06,Chaussettes,Vetements,Provence-Alpes-Cote d'Azur,Site web,6,7.50,45.00
2026-06-07,Poster A2,Maison,Bourgogne-Franche-Comte,Site web,3,9.90,29.70
2026-06-07,Sweat a capuche,Vetements,Bretagne,Site web,4,39.90,159.60
2026-06-07,Gourde inox,Accessoires,Grand Est,Site web,7,12.00,84.00
2026-06-07,Gourde inox,Accessoires,Normandie,Boutique,1,12.00,12.00
2026-06-07,Casquette,Accessoires,Occitanie,Boutique,2,14.50,29.00
2026-06-07,Casquette,Accessoires,Provence-Alpes-Cote d'Azur,Site web,8,14.50,116.00
2026-06-08,Sweat a capuche,Vetements,Grand Est,Site web,2,39.90,79.80
2026-06-08,Stylo gel,Papeterie,Nouvelle-Aquitaine,Boutique,2,2.50,5.00
2026-06-08,T-shirt logo,Vetements,Nouvelle-Aquitaine,Boutique,7,19.90,139.30
2026-06-08,T-shirt logo,Vetements,Occitanie,Site web,2,19.90,39.80
2026-06-08,Chaussettes,Vetements,Pays-de-la-Loire,Boutique,2,7.50,15.00
2026-06-09,Chaussettes,Vetements,Auvergne-Rhone-Alpes,Site web,6,7.50,45.00
2026-06-09,Poster A2,Maison,Bourgogne-Franche-Comte,Site web,2,9.90,19.80
2026-06-09,Chaussettes,Vetements,Grand Est,Site web,7,7.50,52.50
2026-06-09,Gourde inox,Accessoires,Grand Est,Site web,3,12.00,36.00
2026-06-09,Chaussettes,Vetements,Ile-de-France,Site web,8,7.50,60.00
2026-06-10,Carnet A5,Papeterie,Auvergne-Rhone-Alpes,Site web,10,6.90,69.00
2026-06-10,T-shirt logo,Vetements,Auvergne-Rhone-Alpes,Boutique,5,19.90,99.50
2026-06-10,T-shirt logo,Vetements,Auvergne-Rhone-Alpes,Site web,5,19.90,99.50
2026-06-10,Poster A2,Maison,Bourgogne-Franche-Comte,Boutique,4,9.90,39.60
2026-06-10,Stylo gel,Papeterie,Grand Est,Boutique,6,2.50,15.00
2026-06-10,T-shirt logo,Vetements,Grand Est,Boutique,5,19.90,99.50
2026-06-10,Chaussettes,Vetements,Hauts-de-France,Site web,3,7.50,22.50
2026-06-10,Casquette,Accessoires,Normandie,Boutique,4,14.50,58.00
2026-06-10,Poster A2,Maison,Nouvelle-Aquitaine,Site web,5,9.90,49.50
2026-06-10,Carnet A5,Papeterie,Provence-Alpes-Cote d'Azur,Site web,7,6.90,48.30
2026-06-11,Carnet A5,Papeterie,Grand Est,Site web,4,6.90,27.60
2026-06-11,Sweat a capuche,Vetements,Grand Est,Site web,6,39.90,239.40
2026-06-11,Gourde inox,Accessoires,Hauts-de-France,Boutique,1,12.00,12.00
2026-06-11,T-shirt logo,Vetements,Occitanie,Boutique,6,19.90,119.40
2026-06-11,Mug ceramique,Maison,Pays-de-la-Loire,Site web,4,11.90,47.60
2026-06-11,Poster A2,Maison,Pays-de-la-Loire,Site web,4,9.90,39.60
2026-06-11,Poster A2,Maison,Pays-de-la-Loire,Boutique,3,9.90,29.70
2026-06-11,Sweat a capuche,Vetements,Pays-de-la-Loire,Site web,3,39.90,119.70
2026-06-11,Tote bag,Accessoires,Provence-Alpes-Cote d'Azur,Boutique,4,8.50,34.00
2026-06-12,Carnet A5,Papeterie,Auvergne-Rhone-Alpes,Site web,2,6.90,13.80
2026-06-12,Carnet A5,Papeterie,Bourgogne-Franche-Comte,Boutique,2,6.90,13.80
2026-06-12,Poster A2,Maison,Bretagne,Site web,3,9.90,29.70
2026-06-12,Gourde inox,Accessoires,Grand Est,Boutique,4,12.00,48.00
2026-06-12,Tote bag,Accessoires,Grand Est,Boutique,3,8.50,25.50
2026-06-12,Poster A2,Maison,Hauts-de-France,Boutique,5,9.90,49.50
2026-06-12,T-shirt logo,Vetements,Nouvelle-Aquitaine,Site web,5,19.90,99.50
2026-06-12,Poster A2,Maison,Occitanie,Site web,2,9.90,19.80
2026-06-12,T-shirt logo,Vetements,Pays-de-la-Loire,Boutique,2,19.90,39.80
2026-06-12,Casquette,Accessoires,Provence-Alpes-Cote d'Azur,Boutique,1,14.50,14.50
2026-06-13,Tote bag,Accessoires,Bretagne,Site web,10,8.50,85.00
2026-06-13,Poster A2,Maison,Grand Est,Site web,1,9.90,9.90
2026-06-13,Gourde inox,Accessoires,Ile-de-France,Site web,3,12.00,36.00
2026-06-13,Chaussettes,Vetements,Pays-de-la-Loire,Site web,6,7.50,45.00
2026-06-13,T-shirt logo,Vetements,Pays-de-la-Loire,Boutique,2,19.90,39.80
2026-06-14,Poster A2,Maison,Auvergne-Rhone-Alpes,Site web,7,9.90,69.30
2026-06-14,T-shirt logo,Vetements,Hauts-de-France,Site web,3,19.90,59.70
2026-06-14,Stylo gel,Papeterie,Ile-de-France,Site web,3,2.50,7.50
2026-06-15,Gourde inox,Accessoires,Auvergne-Rhone-Alpes,Boutique,1,12.00,12.00
2026-06-15,Poster A2,Maison,Auvergne-Rhone-Alpes,Boutique,7,9.90,69.30
2026-06-15,Casquette,Accessoires,Bourgogne-Franche-Comte,Boutique,5,14.50,72.50
2026-06-15,Chaussettes,Vetements,Bourgogne-Franche-Comte,Site web,8,7.50,60.00
2026-06-15,Tote bag,Accessoires,Ile-de-France,Site web,6,8.50,51.00
2026-06-15,Stylo gel,Papeterie,Normandie,Site web,2,2.50,5.00
2026-06-15,Sweat a capuche,Vetements,Normandie,Site web,5,39.90,199.50
2026-06-15,Gourde inox,Accessoires,Nouvelle-Aquitaine,Boutique,5,12.00,60.00
2026-06-15,Poster A2,Maison,Nouvelle-Aquitaine,Boutique,6,9.90,59.40
2026-06-15,Gourde inox,Accessoires,Occitanie,Boutique,4,12.00,48.00
2026-06-16,Mug ceramique,Maison,Bretagne,Site web,4,11.90,47.60
2026-06-16,Casquette,Accessoires,Centre-Val de Loire,Boutique,6,14.50,87.00
2026-06-16,T-shirt logo,Vetements,Ile-de-France,Site web,5,19.90,99.50
2026-06-16,Carnet A5,Papeterie,Normandie,Boutique,4,6.90,27.60
2026-06-16,Poster A2,Maison,Nouvelle-Aquitaine,Boutique,1,9.90,9.90
2026-06-16,Tote bag,Accessoires,Nouvelle-Aquitaine,Boutique,8,8.50,68.00
2026-06-16,Tote bag,Accessoires,Provence-Alpes-Cote d'Azur,Site web,1,8.50,8.50
2026-06-17,Stylo gel,Papeterie,Bourgogne-Franche-Comte,Boutique,3,2.50,7.50
2026-06-17,Stylo gel,Papeterie,Hauts-de-France,Boutique,7,2.50,17.50
2026-06-17,Casquette,Accessoires,Ile-de-France,Boutique,4,14.50,58.00
2026-06-17,T-shirt logo,Vetements,Ile-de-France,Boutique,1,19.90,19.90
2026-06-17,Chaussettes,Vetements,Nouvelle-Aquitaine,Site web,5,7.50,37.50
2026-06-18,Chaussettes,Vetements,Bretagne,Site web,8,7.50,60.00
2026-06-18,Tote bag,Accessoires,Bretagne,Boutique,2,8.50,17.00
2026-06-18,Tote bag,Accessoires,Grand Est,Boutique,10,8.50,85.00
2026-06-18,Poster A2,Maison,Ile-de-France,Site web,5,9.90,49.50
2026-06-18,Stylo gel,Papeterie,Nouvelle-Aquitaine,Site web,1,2.50,2.50
2026-06-18,T-shirt logo,Vetements,Nouvelle-Aquitaine,Site web,4,19.90,79.60
2026-06-18,Tote bag,Accessoires,Nouvelle-Aquitaine,Boutique,3,8.50,25.50
2026-06-18,Tote bag,Accessoires,Nouvelle-Aquitaine,Site web,8,8.50,68.00
2026-06-18,Casquette,Accessoires,Pays-de-la-Loire,Site web,5,14.50,72.50
2026-06-19,Tote bag,Accessoires,Bretagne,Boutique,9,8.50,76.50
2026-06-19,Mug ceramique,Maison,Hauts-de-France,Site web,3,11.90,35.70
2026-06-19,Poster A2,Maison,Ile-de-France,Boutique,4,9.90,39.60
2026-06-19,T-shirt logo,Vetements,Normandie,Site web,5,19.90,99.50
2026-06-19,Tote bag,Accessoires,Normandie,Site web,9,8.50,76.50
2026-06-19,Mug ceramique,Maison,Nouvelle-Aquitaine,Site web,1,11.90,11.90
2026-06-19,Casquette,Accessoires,Occitanie,Site web,5,14.50,72.50
2026-06-20,Gourde inox,Accessoires,Bourgogne-Franche-Comte,Boutique,2,12.00,24.00
2026-06-20,Casquette,Accessoires,Bretagne,Boutique,4,14.50,58.00
2026-06-20,Chaussettes,Vetements,Bretagne,Site web,6,7.50,45.00
2026-06-20,Gourde inox,Accessoires,Bretagne,Site web,4,12.00,48.00
2026-06-20,Gourde inox,Accessoires,Occitanie,Site web,1,12.00,12.00
2026-06-21,Mug ceramique,Maison,Bretagne,Site web,6,11.90,71.40
2026-06-21,Poster A2,Maison,Ile-de-France,Boutique,4,9.90,39.60
2026-06-21,Carnet A5,Papeterie,Occitanie,Boutique,7,6.90,48.30
2026-06-21,Poster A2,Maison,Provence-Alpes-Cote d'Azur,Boutique,2,9.90,19.80
2026-06-22,Tote bag,Accessoires,Bourgogne-Franche-Comte,Site web,7,8.50,59.50
2026-06-22,Poster A2,Maison,Bretagne,Boutique,4,9.90,39.60
2026-06-22,Stylo gel,Papeterie,Grand Est,Site web,2,2.50,5.00
2026-06-22,Mug ceramique,Maison,Pays-de-la-Loire,Site web,2,11.90,23.80
2026-06-22,Poster A2,Maison,Pays-de-la-Loire,Boutique,2,9.90,19.80
2026-06-22,Gourde inox,Accessoires,Provence-Alpes-Cote d'Azur,Site web,8,12.00,96.00
2026-06-23,Stylo gel,Papeterie,Centre-Val de Loire,Site web,3,2.50,7.50
2026-06-23,T-shirt logo,Vetements,Ile-de-France,Boutique,5,19.90,99.50
2026-06-23,T-shirt logo,Vetements,Pays-de-la-Loire,Boutique,2,19.90,39.80
2026-06-23,Tote bag,Accessoires,Pays-de-la-Loire,Site web,7,8.50,59.50
2026-06-23,Toupie en bois,Jouet,Pays-de-la-Loire,Site web,2,2.50,5.00
2026-06-23,T-shirt logo,Vetements,Provence-Alpes-Cote d'Azur,Site web,3,19.90,59.70
2026-06-23,Tote bag,Accessoires,Provence-Alpes-Cote d'Azur,Boutique,3,8.50,25.50
2026-06-24,Gourde inox,Accessoires,Centre-Val de Loire,Site web,8,12.00,96.00
2026-06-24,Stylo gel,Papeterie,Corse,Boutique,3,2.50,7.50
2026-06-24,Sweat a capuche,Vetements,Hauts-de-France,Site web,5,39.90,199.50
2026-06-24,Carnet A5,Papeterie,Ile-de-France,Site web,5,6.90,34.50
2026-06-24,T-shirt logo,Vetements,Normandie,Boutique,6,19.90,119.40
2026-06-24,Sweat a capuche,Vetements,Pays-de-la-Loire,Site web,5,39.90,199.50
2026-06-24,Gourde inox,Accessoires,Provence-Alpes-Cote d'Azur,Boutique,7,12.00,84.00
2026-06-25,Chaussettes,Vetements,Centre-Val de Loire,Boutique,5,7.50,37.50
2026-06-25,Mug ceramique,Maison,Corse,Site web,6,11.90,71.40
2026-06-25,Poster A2,Maison,Hauts-de-France,Site web,4,9.90,39.60
2026-06-25,Tote bag,Accessoires,Hauts-de-France,Boutique,9,8.50,76.50
2026-06-25,Tote bag,Accessoires,Nouvelle-Aquitaine,Boutique,2,8.50,17.00
2026-06-25,T-shirt logo,Vetements,Provence-Alpes-Cote d'Azur,Site web,2,19.90,39.80
2026-06-26,T-shirt logo,Vetements,Auvergne-Rhone-Alpes,Boutique,5,19.90,99.50
2026-06-26,T-shirt logo,Vetements,Bourgogne-Franche-Comte,Boutique,5,19.90,99.50
2026-06-26,Mug ceramique,Maison,Corse,Site web,1,11.90,11.90
2026-06-26,Sweat a capuche,Vetements,Normandie,Site web,1,39.90,39.90
2026-06-26,Tote bag,Accessoires,Provence-Alpes-Cote d'Azur,Site web,4,8.50,34.00
2026-06-27,Mug ceramique,Maison,Ile-de-France,Site web,3,11.90,35.70
2026-06-27,Mug ceramique,Maison,Provence-Alpes-Cote d'Azur,Boutique,3,11.90,35.70
2026-06-28,Carnet A5,Papeterie,Auvergne-Rhone-Alpes,Boutique,5,6.90,34.50
2026-06-28,Sweat a capuche,Vetements,Auvergne-Rhone-Alpes,Boutique,6,39.90,239.40
2026-06-28,Stylo gel,Papeterie,Occitanie,Site web,4,2.50,10.00
2026-06-29,Poster A2,Maison,Bourgogne-Franche-Comte,Boutique,6,9.90,59.40
2026-06-29,Casquette,Accessoires,Centre-Val de Loire,Boutique,7,14.50,101.50
2026-06-29,Chaussettes,Vetements,Corse,Boutique,1,7.50,7.50
2026-06-29,Poster A2,Maison,Ile-de-France,Site web,4,9.90,39.60
2026-06-29,T-shirt logo,Vetements,Occitanie,Site web,1,19.90,19.90
2026-06-29,Gourde inox,Accessoires,Pays-de-la-Loire,Site web,3,12.00,36.00
2026-06-29,Tote bag,Accessoires,Pays-de-la-Loire,Site web,2,8.50,17.00
2026-06-29,T-shirt logo,Vetements,Provence-Alpes-Cote d'Azur,Boutique,5,19.90,99.50
2026-06-30,Mug ceramique,Maison,Auvergne-Rhone-Alpes,Site web,6,11.90,71.40
2026-06-30,Gourde inox,Accessoires,Bretagne,Site web,5,12.00,60.00
2026-06-30,Casquette,Accessoires,Normandie,Boutique,1,14.50,14.50
2026-07-01,Gourde inox,Accessoires,Auvergne-Rhone-Alpes,Site web,2,12.00,24.00
2026-07-01,Sweat a capuche,Vetements,Auvergne-Rhone-Alpes,Boutique,6,39.90,239.40
2026-07-01,Poster A2,Maison,Bretagne,Boutique,4,9.90,39.60
2026-07-01,Poster A2,Maison,Bretagne,Boutique,5,9.90,49.50
2026-07-01,Chaussettes,Vetements,Hauts-de-France,Boutique,6,7.50,45.00
2026-07-01,Stylo gel,Papeterie,Ile-de-France,Site web,7,2.50,17.50
2026-07-01,T-shirt logo,Vetements,Nouvelle-Aquitaine,Site web,1,19.90,19.90
2026-07-02,Carnet A5,Papeterie,Auvergne-Rhone-Alpes,Site web,5,6.90,34.50
2026-07-02,Sweat a capuche,Vetements,Bretagne,Boutique,3,39.90,119.70
2026-07-02,Sweat a capuche,Vetements,Bretagne,Site web,3,39.90,119.70
2026-07-02,Tote bag,Accessoires,Grand Est,Site web,2,8.50,17.00
2026-07-02,Poster A2,Maison,Hauts-de-France,Site web,6,9.90,59.40
2026-07-02,Carnet A5,Papeterie,Ile-de-France,Boutique,4,6.90,27.60
2026-07-02,Stylo gel,Papeterie,Nouvelle-Aquitaine,Site web,9,2.50,22.50
2026-07-02,Gourde inox,Accessoires,Provence-Alpes-Cote d'Azur,Site web,2,12.00,24.00
2026-07-02,Poster A2,Maison,Provence-Alpes-Cote d'Azur,Site web,1,9.90,9.90
2026-07-03,Mug ceramique,Maison,Auvergne-Rhone-Alpes,Boutique,3,11.90,35.70
2026-07-03,Poster A2,Maison,Auvergne-Rhone-Alpes,Site web,3,9.90,29.70
2026-07-03,Carnet A5,Papeterie,Grand Est,Boutique,5,6.90,34.50
2026-07-03,Chaussettes,Vetements,Grand Est,Boutique,1,7.50,7.50
2026-07-03,Tote bag,Accessoires,Hauts-de-France,Boutique,7,8.50,59.50
2026-07-03,Carnet A5,Papeterie,Normandie,Site web,4,6.90,27.60
2026-07-03,Chaussettes,Vetements,Nouvelle-Aquitaine,Site web,2,7.50,15.00
2026-07-03,Carnet A5,Papeterie,Provence-Alpes-Cote d'Azur,Boutique,3,6.90,20.70
2026-07-03,Chaussettes,Vetements,Provence-Alpes-Cote d'Azur,Boutique,2,7.50,15.00
2026-07-03,Tote bag,Accessoires,Provence-Alpes-Cote d'Azur,Site web,4,8.50,34.00
2026-07-04,Sweat a capuche,Vetements,Auvergne-Rhone-Alpes,Site web,3,39.90,119.70
2026-07-04,T-shirt logo,Vetements,Bretagne,Boutique,1,19.90,19.90
2026-07-04,Sweat a capuche,Vetements,Grand Est,Boutique,3,39.90,119.70
2026-07-04,Tote bag,Accessoires,Occitanie,Site web,4,8.50,34.00
2026-07-04,Chaussettes,Vetements,Pays-de-la-Loire,Site web,8,7.50,60.00
2026-07-04,Tote bag,Accessoires,Pays-de-la-Loire,Site web,6,8.50,51.00
2026-07-05,Carnet A5,Papeterie,Bourgogne-Franche-Comte,Site web,7,6.90,48.30
2026-07-05,Carnet A5,Papeterie,Hauts-de-France,Site web,4,6.90,27.60
2026-07-05,T-shirt logo,Vetements,Ile-de-France,Site web,6,19.90,119.40
2026-07-05,Carnet A5,Papeterie,Normandie,Site web,2,6.90,13.80
2026-07-05,Sweat a capuche,Vetements,Nouvelle-Aquitaine,Boutique,3,39.90,119.70
2026-07-05,Carnet A5,Papeterie,Provence-Alpes-Cote d'Azur,Site web,3,6.90,20.70
2026-07-06,Sweat a capuche,Vetements,Bretagne,Site web,7,39.90,279.30
2026-07-06,Sweat a capuche,Vetements,Hauts-de-France,Site web,1,39.90,39.90
2026-07-06,T-shirt logo,Vetements,Ile-de-France,Site web,2,19.90,39.80
2026-07-06,Carnet A5,Papeterie,Occitanie,Boutique,6,6.90,41.40
2026-07-06,Carnet A5,Papeterie,Occitanie,Boutique,6,6.90,41.40
2026-07-06,Sweat a capuche,Vetements,Provence-Alpes-Cote d'Azur,Site web,5,39.90,199.50
2026-07-07,Chaussettes,Vetements,Auvergne-Rhone-Alpes,Boutique,3,7.50,22.50
2026-07-07,Carnet A5,Papeterie,Bretagne,Site web,3,6.90,20.70
2026-07-07,Chaussettes,Vetements,Centre-Val de Loire,Site web,4,7.50,30.00
2026-07-07,Sweat a capuche,Vetements,Provence-Alpes-Cote d'Azur,Site web,5,39.90,199.50
2026-07-07,Tote bag,Accessoires,Provence-Alpes-Cote d'Azur,Boutique,8,8.50,68.00
2026-07-08,Poster A2,Maison,Bourgogne-Franche-Comte,Site web,3,9.90,29.70
2026-07-08,Poster A2,Maison,Hauts-de-France,Site web,3,9.90,29.70
2026-07-08,Casquette,Accessoires,Ile-de-France,Site web,4,14.50,58.00
2026-07-08,Chaussettes,Vetements,Ile-de-France,Site web,4,7.50,30.00
2026-07-08,Sweat a capuche,Vetements,Ile-de-France,Site web,4,39.90,159.60
2026-07-08,Sweat a capuche,Vetements,Normandie,Boutique,5,39.90,199.50
2026-07-08,Sweat a capuche,Vetements,Pays-de-la-Loire,Site web,2,39.90,79.80
2026-07-09,Chaussettes,Vetements,Auvergne-Rhone-Alpes,Boutique,1,7.50,7.50
2026-07-09,Tote bag,Accessoires,Bourgogne-Franche-Comte,Site web,1,8.50,8.50
2026-07-09,T-shirt logo,Vetements,Bretagne,Site web,1,19.90,19.90
2026-07-09,T-shirt logo,Vetements,Bretagne,Site web,6,19.90,119.40
2026-07-09,Gourde inox,Accessoires,Hauts-de-France,Boutique,1,12.00,12.00
2026-07-09,Tote bag,Accessoires,Nouvelle-Aquitaine,Boutique,8,8.50,68.00
2026-07-09,Casquette,Accessoires,Provence-Alpes-Cote d'Azur,Site web,3,14.50,43.50
2026-07-10,Gourde inox,Accessoires,Auvergne-Rhone-Alpes,Site web,1,12.00,12.00
2026-07-10,Poster A2,Maison,Bretagne,Site web,2,9.90,19.80
2026-07-10,Sweat a capuche,Vetements,Grand Est,Site web,3,39.90,119.70
2026-07-10,Casquette,Accessoires,Ile-de-France,Site web,5,14.50,72.50
2026-07-10,Tote bag,Accessoires,Provence-Alpes-Cote d'Azur,Site web,5,8.50,42.50
2026-07-11,Chaussettes,Vetements,Centre-Val de Loire,Boutique,3,7.50,22.50
2026-07-11,Poster A2,Maison,Centre-Val de Loire,Site web,3,9.90,29.70
2026-07-11,Carnet A5,Papeterie,Normandie,Boutique,2,6.90,13.80
2026-07-11,Carnet A5,Papeterie,Nouvelle-Aquitaine,Boutique,2,6.90,13.80
2026-07-11,T-shirt logo,Vetements,Provence-Alpes-Cote d'Azur,Boutique,6,19.90,119.40
2026-07-12,Chaussettes,Vetements,Bretagne,Site web,2,7.50,15.00
2026-07-12,Casquette,Accessoires,Centre-Val de Loire,Boutique,2,14.50,29.00
2026-07-12,Carnet A5,Papeterie,Grand Est,Site web,1,6.90,6.90
2026-07-12,Poster A2,Maison,Normandie,Site web,7,9.90,69.30
2026-07-12,T-shirt logo,Vetements,Provence-Alpes-Cote d'Azur,Site web,1,19.90,19.90
2026-07-13,Mug ceramique,Maison,Bretagne,Site web,6,11.90,71.40
2026-07-13,Gourde inox,Accessoires,Corse,Site web,2,12.00,24.00
2026-07-13,Sweat a capuche,Vetements,Ile-de-France,Site web,2,39.90,79.80
2026-07-13,Sweat a capuche,Vetements,Nouvelle-Aquitaine,Boutique,6,39.90,239.40
2026-07-13,T-shirt logo,Vetements,Nouvelle-Aquitaine,Boutique,1,19.90,19.90
2026-07-13,T-shirt logo,Vetements,Nouvelle-Aquitaine,Site web,6,19.90,119.40
2026-07-13,Casquette,Accessoires,Occitanie,Boutique,3,14.50,43.50
2026-07-13,Sweat a capuche,Vetements,Pays-de-la-Loire,Boutique,3,39.90,119.70
2026-07-13,Poster A2,Maison,Provence-Alpes-Cote d'Azur,Site web,3,9.90,29.70
2026-07-13,T-shirt logo,Vetements,Provence-Alpes-Cote d'Azur,Boutique,2,19.90,39.80
2026-07-13,T-shirt logo,Vetements,Provence-Alpes-Cote d'Azur,Site web,1,19.90,19.90
2026-07-14,Sweat a capuche,Vetements,Bretagne,Boutique,3,39.90,119.70
2026-07-14,Gourde inox,Accessoires,Corse,Boutique,5,12.00,60.00
2026-07-14,T-shirt logo,Vetements,Grand Est,Boutique,6,19.90,119.40
2026-07-14,Tote bag,Accessoires,Grand Est,Site web,2,8.50,17.00
2026-07-14,Sweat a capuche,Vetements,Nouvelle-Aquitaine,Site web,1,39.90,39.90
2026-07-14,Chaussettes,Vetements,Pays-de-la-Loire,Site web,7,7.50,52.50
2026-07-14,Gourde inox,Accessoires,Provence-Alpes-Cote d'Azur,Site web,3,12.00,36.00
2026-07-14,Sweat a capuche,Vetements,Provence-Alpes-Cote d'Azur,Site web,4,39.90,159.60
2026-07-15,Mug ceramique,Maison,Auvergne-Rhone-Alpes,Boutique,5,11.90,59.50
2026-07-15,Tote bag,Accessoires,Auvergne-Rhone-Alpes,Boutique,4,8.50,34.00
2026-07-15,Stylo gel,Papeterie,Centre-Val de Loire,Site web,1,2.50,2.50
2026-07-15,Sweat a capuche,Vetements,Centre-Val de Loire,Site web,2,39.90,79.80
2026-07-15,Chaussettes,Vetements,Ile-de-France,Site web,7,7.50,52.50
2026-07-15,Gourde inox,Accessoires,Ile-de-France,Site web,6,12.00,72.00
2026-07-15,Poster A2,Maison,Normandie,Boutique,1,9.90,9.90
2026-07-15,Carnet A5,Papeterie,Provence-Alpes-Cote d'Azur,Boutique,5,6.90,34.50
2026-07-15,Mug ceramique,Maison,Provence-Alpes-Cote d'Azur,Site web,1,11.90,11.90
2026-07-16,Poster A2,Maison,Auvergne-Rhone-Alpes,Boutique,5,9.90,49.50
2026-07-16,Chaussettes,Vetements,Centre-Val de Loire,Boutique,3,7.50,22.50
2026-07-16,Casquette,Accessoires,Hauts-de-France,Site web,2,14.50,29.00
2026-07-16,Sweat a capuche,Vetements,Hauts-de-France,Boutique,7,39.90,279.30
2026-07-16,Sweat a capuche,Vetements,Normandie,Boutique,10,39.90,399.00
2026-07-16,Chaussettes,Vetements,Occitanie,Site web,3,7.50,22.50
2026-07-16,Carnet A5,Papeterie,Provence-Alpes-Cote d'Azur,Boutique,7,6.90,48.30
2026-07-17,Poster A2,Maison,Auvergne-Rhone-Alpes,Boutique,4,9.90,39.60
2026-07-17,Poster A2,Maison,Bretagne,Boutique,4,9.90,39.60
2026-07-17,Sweat a capuche,Vetements,Bretagne,Boutique,6,39.90,239.40
2026-07-17,Carnet A5,Papeterie,Grand Est,Site web,7,6.90,48.30
2026-07-17,Carnet A5,Papeterie,Normandie,Boutique,2,6.90,13.80
2026-07-17,Chaussettes,Vetements,Occitanie,Site web,6,7.50,45.00
2026-07-17,Tote bag,Accessoires,Occitanie,Site web,1,8.50,8.50
2026-07-18,Carnet A5,Papeterie,Bourgogne-Franche-Comte,Site web,3,6.90,20.70
2026-07-18,Tote bag,Accessoires,Bourgogne-Franche-Comte,Boutique,2,8.50,17.00
2026-07-18,Casquette,Accessoires,Bretagne,Site web,2,14.50,29.00
2026-07-18,Poster A2,Maison,Corse,Boutique,3,9.90,29.70
2026-07-18,Gourde inox,Accessoires,Grand Est,Site web,7,12.00,84.00
2026-07-18,Chaussettes,Vetements,Nouvelle-Aquitaine,Boutique,6,7.50,45.00
2026-07-18,Chaussettes,Vetements,Nouvelle-Aquitaine,Boutique,9,7.50,67.50
2026-07-18,Casquette,Accessoires,Pays-de-la-Loire,Boutique,3,14.50,43.50
2026-07-19,Tote bag,Accessoires,Centre-Val de Loire,Boutique,6,8.50,51.00
2026-07-19,Poster A2,Maison,Corse,Site web,2,9.90,19.80
2026-07-19,Mug ceramique,Maison,Ile-de-France,Site web,2,11.90,23.80
2026-07-19,Tote bag,Accessoires,Nouvelle-Aquitaine,Site web,2,8.50,17.00
2026-07-19,Tote bag,Accessoires,Pays-de-la-Loire,Site web,2,8.50,17.00
2026-07-19,Tote bag,Accessoires,Provence-Alpes-Cote d'Azur,Site web,7,8.50,59.50
2026-07-20,Carnet A5,Papeterie,Auvergne-Rhone-Alpes,Site web,2,6.90,13.80
2026-07-20,Carnet A5,Papeterie,Auvergne-Rhone-Alpes,Site web,1,6.90,6.90
2026-07-20,Carnet A5,Papeterie,Auvergne-Rhone-Alpes,Boutique,1,6.90,6.90
2026-07-20,Stylo gel,Papeterie,Centre-Val de Loire,Site web,10,2.50,25.00
2026-07-20,Gourde inox,Accessoires,Hauts-de-France,Site web,7,12.00,84.00
2026-07-20,Mug ceramique,Maison,Ile-de-France,Boutique,6,11.90,71.40
2026-07-20,Tote bag,Accessoires,Ile-de-France,Boutique,3,8.50,25.50
2026-07-21,T-shirt logo,Vetements,Bourgogne-Franche-Comte,Site web,3,19.90,59.70
2026-07-21,Mug ceramique,Maison,Corse,Site web,1,11.90,11.90
2026-07-21,Sweat a capuche,Vetements,Nouvelle-Aquitaine,Boutique,5,39.90,199.50
2026-07-21,Sweat a capuche,Vetements,Occitanie,Site web,1,39.90,39.90
2026-07-21,Casquette,Accessoires,Pays-de-la-Loire,Boutique,2,14.50,29.00
2026-07-21,Gourde inox,Accessoires,Pays-de-la-Loire,Boutique,6,12.00,72.00
2026-07-21,T-shirt logo,Vetements,Provence-Alpes-Cote d'Azur,Boutique,9,19.90,179.10
2026-07-22,Gourde inox,Accessoires,Auvergne-Rhone-Alpes,Site web,7,12.00,84.00
2026-07-22,Poster A2,Maison,Auvergne-Rhone-Alpes,Boutique,1,9.90,9.90
2026-07-22,Casquette,Accessoires,Bretagne,Site web,2,14.50,29.00
2026-07-22,Mug ceramique,Maison,Hauts-de-France,Site web,2,11.90,23.80
2026-07-22,Carnet A5,Papeterie,Ile-de-France,Site web,5,6.90,34.50
2026-07-22,Gourde inox,Accessoires,Nouvelle-Aquitaine,Site web,2,12.00,24.00
2026-07-22,Gourde inox,Accessoires,Nouvelle-Aquitaine,Boutique,1,12.00,12.00
2026-07-22,Casquette,Accessoires,Pays-de-la-Loire,Site web,2,14.50,29.00
2026-07-23,Carnet A5,Papeterie,Bourgogne-Franche-Comte,Site web,2,6.90,13.80
2026-07-23,Chaussettes,Vetements,Centre-Val de Loire,Site web,5,7.50,37.50
2026-07-23,Gourde inox,Accessoires,Grand Est,Boutique,6,12.00,72.00
2026-07-23,Chaussettes,Vetements,Normandie,Boutique,4,7.50,30.00
2026-07-23,Gourde inox,Accessoires,Nouvelle-Aquitaine,Site web,5,12.00,60.00
2026-07-23,Casquette,Accessoires,Occitanie,Site web,7,14.50,101.50
2026-07-23,Stylo gel,Papeterie,Occitanie,Boutique,5,2.50,12.50
2026-07-23,Mug ceramique,Maison,Pays-de-la-Loire,Boutique,4,11.90,47.60
2026-07-24,Chaussettes,Vetements,Grand Est,Boutique,5,7.50,37.50
2026-07-24,Gourde inox,Accessoires,Ile-de-France,Site web,7,12.00,84.00
2026-07-24,T-shirt logo,Vetements,Occitanie,Site web,3,19.90,59.70
2026-07-24,Gourde inox,Accessoires,Provence-Alpes-Cote d'Azur,Site web,3,12.00,36.00
2026-07-24,Sweat a capuche,Vetements,Provence-Alpes-Cote d'Azur,Site web,3,39.90,119.70
2026-07-25,Mug ceramique,Maison,Bourgogne-Franche-Comte,Site web,4,11.90,47.60
2026-07-25,Stylo gel,Papeterie,Bretagne,Site web,3,2.50,7.50
2026-07-25,Mug ceramique,Maison,Centre-Val de Loire,Site web,3,11.90,35.70
2026-07-25,Chaussettes,Vetements,Grand Est,Site web,7,7.50,52.50
2026-07-25,Sweat a capuche,Vetements,Hauts-de-France,Site web,6,39.90,239.40
2026-07-25,Sweat a capuche,Vetements,Ile-de-France,Site web,2,39.90,79.80
2026-07-25,Gourde inox,Accessoires,Normandie,Site web,2,12.00,24.00
2026-07-25,Sweat a capuche,Vetements,Nouvelle-Aquitaine,Site web,2,39.90,79.80
2026-07-25,Mug ceramique,Maison,Occitanie,Boutique,4,11.90,47.60
2026-07-25,Poster A2,Maison,Occitanie,Site web,6,9.90,59.40
2026-07-25,Gourde inox,Accessoires,Provence-Alpes-Cote d'Azur,Boutique,3,12.00,36.00
2026-07-26,Tote bag,Accessoires,Auvergne-Rhone-Alpes,Site web,6,8.50,51.00
2026-07-26,Poster A2,Maison,Grand Est,Boutique,3,9.90,29.70
2026-07-26,T-shirt logo,Vetements,Hauts-de-France,Boutique,5,19.90,99.50
2026-07-26,Sweat a capuche,Vetements,Nouvelle-Aquitaine,Boutique,4,39.90,159.60
2026-07-27,Stylo gel,Papeterie,Grand Est,Site web,4,2.50,10.00
2026-07-27,Carnet A5,Papeterie,Ile-de-France,Boutique,4,6.90,27.60
2026-07-27,Tote bag,Accessoires,Ile-de-France,Site web,6,8.50,51.00
2026-07-27,Poster A2,Maison,Normandie,Site web,5,9.90,49.50
2026-07-27,Gourde inox,Accessoires,Occitanie,Boutique,5,12.00,60.00
2026-07-27,Chaussettes,Vetements,Pays-de-la-Loire,Site web,3,7.50,22.50
2026-07-28,Stylo gel,Papeterie,Bourgogne-Franche-Comte,Site web,2,2.50,5.00
2026-07-28,Stylo gel,Papeterie,Hauts-de-France,Site web,3,2.50,7.50
2026-07-28,Chaussettes,Vetements,Ile-de-France,Boutique,6,7.50,45.00
2026-07-28,Casquette,Accessoires,Occitanie,Boutique,2,14.50,29.00
2026-07-29,Poster A2,Maison,Bretagne,Boutique,4,9.90,39.60
2026-07-29,Sweat a capuche,Vetements,Grand Est,Site web,5,39.90,199.50
2026-07-29,Mug ceramique,Maison,Hauts-de-France,Boutique,4,11.90,47.60
2026-07-29,Mug ceramique,Maison,Nouvelle-Aquitaine,Site web,1,11.90,11.90
2026-07-29,Sweat a capuche,Vetements,Nouvelle-Aquitaine,Boutique,9,39.90,359.10
2026-07-29,Tote bag,Accessoires,Nouvelle-Aquitaine,Site web,2,8.50,17.00
2026-07-29,Tote bag,Accessoires,Nouvelle-Aquitaine,Boutique,9,8.50,76.50
2026-07-29,Mug ceramique,Maison,Provence-Alpes-Cote d'Azur,Site web,2,11.90,23.80
2026-07-30,Chaussettes,Vetements,Bretagne,Boutique,4,7.50,30.00
2026-07-30,Sweat a capuche,Vetements,Bretagne,Site web,1,39.90,39.90
2026-07-30,Sweat a capuche,Vetements,Grand Est,Site web,4,39.90,159.60
2026-07-30,Sweat a capuche,Vetements,Ile-de-France,Boutique,5,39.90,199.50
2026-07-30,T-shirt logo,Vetements,Ile-de-France,Boutique,3,19.90,59.70
2026-07-30,Poster A2,Maison,Normandie,Site web,6,9.90,59.40
2026-07-30,Chaussettes,Vetements,Nouvelle-Aquitaine,Boutique,6,7.50,45.00
2026-07-30,Mug ceramique,Maison,Nouvelle-Aquitaine,Site web,7,11.90,83.30
2026-07-30,Tote bag,Accessoires,Pays-de-la-Loire,Site web,5,8.50,42.50
2026-07-30,T-shirt logo,Vetements,Provence-Alpes-Cote d'Azur,Boutique,3,19.90,59.70
2026-07-30,Tote bag,Accessoires,Provence-Alpes-Cote d'Azur,Site web,5,8.50,42.50
2026-07-31,Chaussettes,Vetements,Bourgogne-Franche-Comte,Boutique,7,7.50,52.50
2026-07-31,Gourde inox,Accessoires,Bourgogne-Franche-Comte,Boutique,3,12.00,36.00
2026-07-31,Sweat a capuche,Vetements,Bourgogne-Franche-Comte,Site web,5,39.90,199.50
2026-07-31,Tote bag,Accessoires,Bretagne,Site web,7,8.50,59.50
2026-07-31,Gourde inox,Accessoires,Normandie,Boutique,6,12.00,72.00
2026-07-31,T-shirt logo,Vetements,Normandie,Boutique,1,19.90,19.90
2026-07-31,Mug ceramique,Maison,Pays-de-la-Loire,Site web,2,11.90,23.80
2026-07-31,Tote bag,Accessoires,Pays-de-la-Loire,Site web,5,8.50,42.50
2026-08-01,Carnet A5,Papeterie,Auvergne-Rhone-Alpes,Site web,4,6.90,27.60
2026-08-01,Gourde inox,Accessoires,Bourgogne-Franche-Comte,Site web,1,12.00,12.00
2026-08-01,Gourde inox,Accessoires,Bourgogne-Franche-Comte,Boutique,6,12.00,72.00
2026-08-01,Poster A2,Maison,Corse,Site web,6,9.90,59.40
2026-08-01,Tote bag,Accessoires,Hauts-de-France,Boutique,7,8.50,59.50
2026-08-01,Casquette,Accessoires,Nouvelle-Aquitaine,Boutique,3,14.50,43.50
2026-08-01,T-shirt logo,Vetements,Nouvelle-Aquitaine,Site web,6,19.90,119.40
2026-08-01,Sweat a capuche,Vetements,Occitanie,Boutique,3,39.90,119.70
2026-08-01,Chaussettes,Vetements,Provence-Alpes-Cote d'Azur,Site web,2,7.50,15.00
2026-08-02,Chaussettes,Vetements,Bourgogne-Franche-Comte,Boutique,10,7.50,75.00
2026-08-02,Poster A2,Maison,Normandie,Boutique,3,9.90,29.70
2026-08-02,T-shirt logo,Vetements,Occitanie,Site web,1,19.90,19.90
2026-08-03,Chaussettes,Vetements,Centre-Val de Loire,Site web,3,7.50,22.50
2026-08-03,T-shirt logo,Vetements,Occitanie,Boutique,1,19.90,19.90
2026-08-03,Chaussettes,Vetements,Pays-de-la-Loire,Site web,8,7.50,60.00
2026-08-03,Puzzle 100 pieces,Jouet,Pays-de-la-Loire,Boutique,3,6.90,20.70
2026-08-03,Gourde inox,Accessoires,Provence-Alpes-Cote d'Azur,Boutique,2,12.00,24.00
2026-08-03,Stylo gel,Papeterie,Provence-Alpes-Cote d'Azur,Boutique,6,2.50,15.00
2026-08-04,T-shirt logo,Vetements,Grand Est,Site web,6,19.90,119.40
2026-08-04,Stylo gel,Papeterie,Nouvelle-Aquitaine,Site web,5,2.50,12.50
2026-08-04,Sweat a capuche,Vetements,Pays-de-la-Loire,Boutique,10,39.90,399.00
2026-08-04,Carnet A5,Papeterie,Provence-Alpes-Cote d'Azur,Site web,4,6.90,27.60
2026-08-04,Carnet A5,Papeterie,Provence-Alpes-Cote d'Azur,Site web,7,6.90,48.30
2026-08-04,Poster A2,Maison,Provence-Alpes-Cote d'Azur,Site web,3,9.90,29.70
2026-08-05,Mug ceramique,Maison,Centre-Val de Loire,Boutique,6,11.90,71.40
2026-08-05,Tote bag,Accessoires,Hauts-de-France,Boutique,1,8.50,8.50
2026-08-05,Poster A2,Maison,Ile-de-France,Site web,3,9.90,29.70
2026-08-05,T-shirt logo,Vetements,Normandie,Site web,7,19.90,139.30
2026-08-05,T-shirt logo,Vetements,Nouvelle-Aquitaine,Site web,5,19.90,99.50
2026-08-05,Casquette,Accessoires,Pays-de-la-Loire,Boutique,2,14.50,29.00
2026-08-05,T-shirt logo,Vetements,Pays-de-la-Loire,Site web,6,19.90,119.40
2026-08-06,Mug ceramique,Maison,Centre-Val de Loire,Boutique,1,11.90,11.90
2026-08-06,Chaussettes,Vetements,Grand Est,Boutique,10,7.50,75.00
2026-08-06,Chaussettes,Vetements,Ile-de-France,Site web,7,7.50,52.50
2026-08-06,Poster A2,Maison,Nouvelle-Aquitaine,Boutique,7,9.90,69.30
2026-08-06,Poster A2,Maison,Nouvelle-Aquitaine,Site web,4,9.90,39.60
2026-08-06,Chaussettes,Vetements,Provence-Alpes-Cote d'Azur,Site web,9,7.50,67.50
2026-08-07,Tote bag,Accessoires,Bourgogne-Franche-Comte,Site web,1,8.50,8.50
2026-08-07,Poster A2,Maison,Centre-Val de Loire,Site web,2,9.90,19.80
2026-08-07,Chaussettes,Vetements,Ile-de-France,Boutique,3,7.50,22.50
2026-08-07,Chaussettes,Vetements,Provence-Alpes-Cote d'Azur,Boutique,3,7.50,22.50
2026-08-07,Sweat a capuche,Vetements,Provence-Alpes-Cote d'Azur,Boutique,5,39.90,199.50
2026-08-08,Sweat a capuche,Vetements,Normandie,Site web,4,39.90,159.60
2026-08-08,Chaussettes,Vetements,Pays-de-la-Loire,Site web,6,7.50,45.00
2026-08-09,Mug ceramique,Maison,Hauts-de-France,Boutique,1,11.90,11.90
2026-08-09,Poster A2,Maison,Normandie,Boutique,3,9.90,29.70
2026-08-09,T-shirt logo,Vetements,Occitanie,Site web,5,19.90,99.50
2026-08-10,Chaussettes,Vetements,Normandie,Boutique,7,7.50,52.50
2026-08-10,T-shirt logo,Vetements,Pays-de-la-Loire,Site web,7,19.90,139.30
2026-08-11,Carnet A5,Papeterie,Centre-Val de Loire,Site web,4,6.90,27.60
2026-08-11,Tote bag,Accessoires,Centre-Val de Loire,Boutique,3,8.50,25.50
2026-08-11,T-shirt logo,Vetements,Corse,Boutique,2,19.90,39.80
2026-08-11,T-shirt logo,Vetements,Corse,Site web,2,19.90,39.80
2026-08-11,Poster A2,Maison,Hauts-de-France,Site web,7,9.90,69.30
2026-08-11,Casquette,Accessoires,Occitanie,Boutique,5,14.50,72.50
2026-08-11,Sweat a capuche,Vetements,Provence-Alpes-Cote d'Azur,Site web,1,39.90,39.90
2026-08-12,Mug ceramique,Maison,Auvergne-Rhone-Alpes,Site web,7,11.90,83.30
2026-08-12,Stylo gel,Papeterie,Bretagne,Boutique,1,2.50,2.50
2026-08-12,Casquette,Accessoires,Hauts-de-France,Boutique,7,14.50,101.50
2026-08-12,Sweat a capuche,Vetements,Nouvelle-Aquitaine,Site web,3,39.90,119.70
2026-08-12,Sweat a capuche,Vetements,Pays-de-la-Loire,Boutique,6,39.90,239.40
2026-08-12,Chaussettes,Vetements,Provence-Alpes-Cote d'Azur,Site web,7,7.50,52.50
2026-08-13,Mug ceramique,Maison,Centre-Val de Loire,Boutique,8,11.90,95.20
2026-08-13,Gourde inox,Accessoires,Grand Est,Site web,8,12.00,96.00
2026-08-13,Carnet A5,Papeterie,Hauts-de-France,Site web,4,6.90,27.60
2026-08-13,Chaussettes,Vetements,Provence-Alpes-Cote d'Azur,Boutique,5,7.50,37.50
2026-08-14,T-shirt logo,Vetements,Auvergne-Rhone-Alpes,Site web,3,19.90,59.70
2026-08-14,T-shirt logo,Vetements,Bretagne,Boutique,6,19.90,119.40
2026-08-14,T-shirt logo,Vetements,Hauts-de-France,Site web,5,19.90,99.50
2026-08-14,Sweat a capuche,Vetements,Normandie,Boutique,6,39.90,239.40
2026-08-14,Chaussettes,Vetements,Nouvelle-Aquitaine,Site web,6,7.50,45.00
2026-08-14,T-shirt logo,Vetements,Nouvelle-Aquitaine,Site web,6,19.90,119.40
2026-08-14,Chaussettes,Vetements,Occitanie,Boutique,5,7.50,37.50
2026-08-14,Mug ceramique,Maison,Pays-de-la-Loire,Site web,1,11.90,11.90
2026-08-14,Puzzle 100 pieces,Jouet,Pays-de-la-Loire,Boutique,4,6.90,27.60
2026-08-15,Mug ceramique,Maison,Bourgogne-Franche-Comte,Site web,2,11.90,23.80
2026-08-15,Carnet A5,Papeterie,Hauts-de-France,Boutique,7,6.90,48.30
2026-08-15,Carnet A5,Papeterie,Nouvelle-Aquitaine,Boutique,3,6.90,20.70
2026-08-15,Carnet A5,Papeterie,Occitanie,Site web,6,6.90,41.40
2026-08-15,Sweat a capuche,Vetements,Occitanie,Site web,6,39.90,239.40
2026-08-16,Tote bag,Accessoires,Bourgogne-Franche-Comte,Site web,6,8.50,51.00
2026-08-16,Chaussettes,Vetements,Corse,Boutique,4,7.50,30.00
2026-08-16,Chaussettes,Vetements,Corse,Site web,5,7.50,37.50
2026-08-16,Tote bag,Accessoires,Corse,Site web,1,8.50,8.50
2026-08-16,Mug ceramique,Maison,Grand Est,Site web,3,11.90,35.70
2026-08-16,Mug ceramique,Maison,Ile-de-France,Site web,1,11.90,11.90
2026-08-16,T-shirt logo,Vetements,Nouvelle-Aquitaine,Boutique,1,19.90,19.90
2026-08-16,Mug ceramique,Maison,Occitanie,Boutique,3,11.90,35.70
2026-08-17,Tote bag,Accessoires,Auvergne-Rhone-Alpes,Site web,1,8.50,8.50
2026-08-17,Poster A2,Maison,Grand Est,Site web,7,9.90,69.30
2026-08-17,Carnet A5,Papeterie,Normandie,Boutique,6,6.90,41.40
2026-08-17,Mug ceramique,Maison,Nouvelle-Aquitaine,Site web,9,11.90,107.10
2026-08-17,Sweat a capuche,Vetements,Nouvelle-Aquitaine,Boutique,1,39.90,39.90
2026-08-17,Carnet A5,Papeterie,Provence-Alpes-Cote d'Azur,Site web,2,6.90,13.80
2026-08-18,Carnet A5,Papeterie,Corse,Boutique,5,6.90,34.50
2026-08-18,Carnet A5,Papeterie,Grand Est,Boutique,6,6.90,41.40
2026-08-19,Tote bag,Accessoires,Bourgogne-Franche-Comte,Site web,9,8.50,76.50
2026-08-19,Casquette,Accessoires,Bretagne,Site web,3,14.50,43.50
2026-08-19,Tote bag,Accessoires,Grand Est,Site web,6,8.50,51.00
2026-08-19,T-shirt logo,Vetements,Ile-de-France,Site web,7,19.90,139.30
2026-08-19,Chaussettes,Vetements,Normandie,Site web,7,7.50,52.50
2026-08-19,Poster A2,Maison,Occitanie,Site web,7,9.90,69.30
2026-08-19,Stylo gel,Papeterie,Occitanie,Boutique,1,2.50,2.50
2026-08-19,Sweat a capuche,Vetements,Provence-Alpes-Cote d'Azur,Site web,4,39.90,159.60
2026-08-19,Sweat a capuche,Vetements,Provence-Alpes-Cote d'Azur,Site web,6,39.90,239.40
2026-08-20,Gourde inox,Accessoires,Bourgogne-Franche-Comte,Site web,4,12.00,48.00
2026-08-20,Gourde inox,Accessoires,Bretagne,Site web,5,12.00,60.00
2026-08-20,Poster A2,Maison,Hauts-de-France,Site web,4,9.90,39.60
2026-08-20,Poster A2,Maison,Nouvelle-Aquitaine,Site web,9,9.90,89.10
2026-08-20,T-shirt logo,Vetements,Pays-de-la-Loire,Site web,9,19.90,179.10
2026-08-20,Gourde inox,Accessoires,Provence-Alpes-Cote d'Azur,Site web,3,12.00,36.00
2026-08-21,Chaussettes,Vetements,Bretagne,Site web,4,7.50,30.00
2026-08-21,Mug ceramique,Maison,Grand Est,Site web,10,11.90,119.00
2026-08-21,Mug ceramique,Maison,Ile-de-France,Site web,6,11.90,71.40
2026-08-21,Sweat a capuche,Vetements,Occitanie,Site web,2,39.90,79.80
2026-08-22,Gourde inox,Accessoires,Grand Est,Boutique,5,12.00,60.00
2026-08-22,T-shirt logo,Vetements,Pays-de-la-Loire,Site web,7,19.90,139.30
2026-08-22,Tote bag,Accessoires,Pays-de-la-Loire,Site web,5,8.50,42.50
2026-08-23,Sweat a capuche,Vetements,Auvergne-Rhone-Alpes,Boutique,4,39.90,159.60
2026-08-23,Sweat a capuche,Vetements,Bourgogne-Franche-Comte,Site web,4,39.90,159.60
2026-08-23,Chaussettes,Vetements,Grand Est,Site web,6,7.50,45.00
2026-08-23,Stylo gel,Papeterie,Normandie,Boutique,5,2.50,12.50
2026-08-23,Chaussettes,Vetements,Nouvelle-Aquitaine,Boutique,2,7.50,15.00
2026-08-23,Poster A2,Maison,Nouvelle-Aquitaine,Site web,4,9.90,39.60
2026-08-24,Gourde inox,Accessoires,Hauts-de-France,Site web,1,12.00,12.00
2026-08-24,Carnet A5,Papeterie,Normandie,Site web,5,6.90,34.50
2026-08-24,Casquette,Accessoires,Occitanie,Boutique,5,14.50,72.50
2026-08-24,Chaussettes,Vetements,Pays-de-la-Loire,Boutique,2,7.50,15.00
2026-08-24,Mug ceramique,Maison,Provence-Alpes-Cote d'Azur,Site web,2,11.90,23.80
2026-08-25,Mug ceramique,Maison,Auvergne-Rhone-Alpes,Site web,4,11.90,47.60
2026-08-25,Mug ceramique,Maison,Corse,Site web,3,11.90,35.70
2026-08-25,Mug ceramique,Maison,Grand Est,Boutique,6,11.90,71.40
2026-08-25,Casquette,Accessoires,Ile-de-France,Boutique,2,14.50,29.00
2026-08-25,Carnet A5,Papeterie,Nouvelle-Aquitaine,Site web,1,6.90,6.90
2026-08-25,Casquette,Accessoires,Nouvelle-Aquitaine,Site web,5,14.50,72.50
2026-08-25,Chaussettes,Vetements,Pays-de-la-Loire,Site web,2,7.50,15.00
2026-08-25,Poster A2,Maison,Provence-Alpes-Cote d'Azur,Site web,1,9.90,9.90
2026-08-26,Sweat a capuche,Vetements,Grand Est,Site web,2,39.90,79.80
2026-08-26,Chaussettes,Vetements,Hauts-de-France,Site web,3,7.50,22.50
2026-08-26,Tote bag,Accessoires,Hauts-de-France,Site web,2,8.50,17.00
2026-08-26,Carnet A5,Papeterie,Nouvelle-Aquitaine,Boutique,2,6.90,13.80
2026-08-26,Carnet A5,Papeterie,Nouvelle-Aquitaine,Site web,7,6.90,48.30
2026-08-26,Mug ceramique,Maison,Pays-de-la-Loire,Boutique,3,11.90,35.70
2026-08-26,Sweat a capuche,Vetements,Pays-de-la-Loire,Boutique,3,39.90,119.70
2026-08-26,Gourde inox,Accessoires,Provence-Alpes-Cote d'Azur,Boutique,7,12.00,84.00
2026-08-26,Gourde inox,Accessoires,Provence-Alpes-Cote d'Azur,Site web,1,12.00,12.00
2026-08-27,Gourde inox,Accessoires,Corse,Boutique,3,12.00,36.00
2026-08-27,Tote bag,Accessoires,Corse,Site web,4,8.50,34.00
2026-08-27,Tote bag,Accessoires,Ile-de-France,Site web,3,8.50,25.50
2026-08-27,Gourde inox,Accessoires,Nouvelle-Aquitaine,Boutique,6,12.00,72.00
2026-08-27,Tote bag,Accessoires,Nouvelle-Aquitaine,Site web,3,8.50,25.50
2026-08-27,Puzzle 100 pieces,Jouet,Pays-de-la-Loire,Boutique,4,6.90,27.60
2026-08-27,T-shirt logo,Vetements,Provence-Alpes-Cote d'Azur,Boutique,1,19.90,19.90
2026-08-28,Sweat a capuche,Vetements,Bourgogne-Franche-Comte,Boutique,3,39.90,119.70
2026-08-28,Sweat a capuche,Vetements,Bretagne,Site web,2,39.90,79.80
2026-08-28,Tote bag,Accessoires,Centre-Val de Loire,Site web,4,8.50,34.00
2026-08-28,Sweat a capuche,Vetements,Grand Est,Site web,2,39.90,79.80
2026-08-28,Stylo gel,Papeterie,Hauts-de-France,Site web,3,2.50,7.50
2026-08-28,T-shirt logo,Vetements,Ile-de-France,Site web,2,19.90,39.80
2026-08-28,Mug ceramique,Maison,Nouvelle-Aquitaine,Site web,2,11.90,23.80
2026-08-28,Casquette,Accessoires,Provence-Alpes-Cote d'Azur,Site web,3,14.50,43.50
2026-08-29,Casquette,Accessoires,Grand Est,Site web,3,14.50,43.50
2026-08-29,Carnet A5,Papeterie,Occitanie,Site web,7,6.90,48.30
2026-08-29,Mug ceramique,Maison,Occitanie,Site web,3,11.90,35.70
2026-08-29,Casquette,Accessoires,Pays-de-la-Loire,Site web,1,14.50,14.50
2026-08-29,Mug ceramique,Maison,Provence-Alpes-Cote d'Azur,Site web,2,11.90,23.80
2026-08-30,Mug ceramique,Maison,Bourgogne-Franche-Comte,Site web,5,11.90,59.50
2026-08-30,Mug ceramique,Maison,Nouvelle-Aquitaine,Site web,4,11.90,47.60
2026-08-30,Stylo gel,Papeterie,Nouvelle-Aquitaine,Boutique,1,2.50,2.50
2026-08-30,Sweat a capuche,Vetements,Nouvelle-Aquitaine,Site web,6,39.90,239.40
2026-08-30,Gourde inox,Accessoires,Occitanie,Boutique,1,12.00,12.00
2026-08-30,Mug ceramique,Maison,Pays-de-la-Loire,Site web,5,11.90,59.50
2026-08-31,Carnet A5,Papeterie,Bourgogne-Franche-Comte,Site web,4,6.90,27.60
2026-08-31,Chaussettes,Vetements,Hauts-de-France,Site web,1,7.50,7.50
2026-08-31,Casquette,Accessoires,Normandie,Site web,2,14.50,29.00
2026-08-31,Mug ceramique,Maison,Pays-de-la-Loire,Boutique,3,11.90,35.70
2026-08-31,Sweat a capuche,Vetements,Pays-de-la-Loire,Boutique,8,39.90,319.20
2026-08-31,Sweat a capuche,Vetements,Provence-Alpes-Cote d'Azur,Site web,2,39.90,79.80
2026-09-01,Chaussettes,Vetements,Grand Est,Site web,2,7.50,15.00
2026-09-01,Mug ceramique,Maison,Grand Est,Site web,3,11.90,35.70
2026-09-01,Poster A2,Maison,Occitanie,Boutique,5,9.90,49.50
2026-09-01,Tote bag,Accessoires,Occitanie,Site web,5,8.50,42.50
2026-09-01,Chaussettes,Vetements,Pays-de-la-Loire,Boutique,2,7.50,15.00
2026-09-01,Poster A2,Maison,Provence-Alpes-Cote d'Azur,Site web,6,9.90,59.40
2026-09-01,Poster A2,Maison,Provence-Alpes-Cote d'Azur,Site web,7,9.90,69.30
2026-09-02,Mug ceramique,Maison,Auvergne-Rhone-Alpes,Boutique,8,11.90,95.20
2026-09-02,Carnet A5,Papeterie,Bretagne,Boutique,7,6.90,48.30
2026-09-02,Gourde inox,Accessoires,Bretagne,Boutique,6,12.00,72.00
2026-09-02,T-shirt logo,Vetements,Bretagne,Site web,4,19.90,79.60
2026-09-02,Tote bag,Accessoires,Hauts-de-France,Site web,6,8.50,51.00
2026-09-02,Mug ceramique,Maison,Occitanie,Boutique,6,11.90,71.40
2026-09-02,Mug ceramique,Maison,Occitanie,Site web,6,11.90,71.40
2026-09-02,T-shirt logo,Vetements,Pays-de-la-Loire,Site web,8,19.90,159.20
2026-09-03,Gourde inox,Accessoires,Auvergne-Rhone-Alpes,Site web,8,12.00,96.00
2026-09-03,Poster A2,Maison,Bourgogne-Franche-Comte,Boutique,4,9.90,39.60
2026-09-03,Poster A2,Maison,Bretagne,Boutique,7,9.90,69.30
2026-09-03,Sweat a capuche,Vetements,Centre-Val de Loire,Boutique,4,39.90,159.60
2026-09-03,Sweat a capuche,Vetements,Corse,Site web,1,39.90,39.90
2026-09-03,Carnet A5,Papeterie,Ile-de-France,Site web,9,6.90,62.10
2026-09-03,Sweat a capuche,Vetements,Ile-de-France,Boutique,4,39.90,159.60
2026-09-03,Tote bag,Accessoires,Occitanie,Site web,5,8.50,42.50
2026-09-04,Mug ceramique,Maison,Auvergne-Rhone-Alpes,Site web,5,11.90,59.50
2026-09-04,Tote bag,Accessoires,Ile-de-France,Site web,1,8.50,8.50
2026-09-04,T-shirt logo,Vetements,Occitanie,Boutique,9,19.90,179.10
2026-09-05,Carnet A5,Papeterie,Centre-Val de Loire,Site web,2,6.90,13.80
2026-09-05,T-shirt logo,Vetements,Centre-Val de Loire,Site web,5,19.90,99.50
2026-09-05,Sweat a capuche,Vetements,Corse,Boutique,3,39.90,119.70
2026-09-05,Casquette,Accessoires,Hauts-de-France,Boutique,7,14.50,101.50
2026-09-05,Sweat a capuche,Vetements,Hauts-de-France,Site web,3,39.90,119.70
2026-09-05,Sweat a capuche,Vetements,Ile-de-France,Boutique,4,39.90,159.60
2026-09-05,Carnet A5,Papeterie,Normandie,Boutique,5,6.90,34.50
2026-09-05,Gourde inox,Accessoires,Nouvelle-Aquitaine,Site web,1,12.00,12.00
2026-09-05,Sweat a capuche,Vetements,Occitanie,Boutique,4,39.90,159.60
2026-09-05,Tote bag,Accessoires,Occitanie,Site web,3,8.50,25.50
2026-09-05,Puzzle 100 pieces,Jouet,Pays-de-la-Loire,Boutique,5,6.90,34.50
2026-09-06,Sweat a capuche,Vetements,Auvergne-Rhone-Alpes,Site web,4,39.90,159.60
2026-09-06,Tote bag,Accessoires,Grand Est,Site web,9,8.50,76.50
2026-09-06,Casquette,Accessoires,Hauts-de-France,Site web,3,14.50,43.50
2026-09-06,Sweat a capuche,Vetements,Hauts-de-France,Site web,6,39.90,239.40
2026-09-06,Tote bag,Accessoires,Pays-de-la-Loire,Site web,2,8.50,17.00
2026-09-07,T-shirt logo,Vetements,Ile-de-France,Site web,8,19.90,159.20
2026-09-07,Stylo gel,Papeterie,Normandie,Site web,4,2.50,10.00
2026-09-07,Casquette,Accessoires,Pays-de-la-Loire,Site web,9,14.50,130.50
2026-09-07,T-shirt logo,Vetements,Pays-de-la-Loire,Site web,8,19.90,159.20
2026-09-07,Stylo gel,Papeterie,Provence-Alpes-Cote d'Azur,Site web,2,2.50,5.00
2026-09-08,Mug ceramique,Maison,Auvergne-Rhone-Alpes,Site web,5,11.90,59.50
2026-09-08,Poster A2,Maison,Bretagne,Site web,2,9.90,19.80
2026-09-08,Stylo gel,Papeterie,Hauts-de-France,Boutique,9,2.50,22.50
2026-09-08,T-shirt logo,Vetements,Hauts-de-France,Boutique,4,19.90,79.60
2026-09-08,Tote bag,Accessoires,Hauts-de-France,Site web,9,8.50,76.50
2026-09-08,Mug ceramique,Maison,Ile-de-France,Site web,2,11.90,23.80
2026-09-08,Mug ceramique,Maison,Ile-de-France,Site web,5,11.90,59.50
2026-09-08,Chaussettes,Vetements,Normandie,Site web,5,7.50,37.50
2026-09-08,T-shirt logo,Vetements,Normandie,Site web,2,19.90,39.80
2026-09-08,Tote bag,Accessoires,Normandie,Site web,1,8.50,8.50
2026-09-08,Gourde inox,Accessoires,Nouvelle-Aquitaine,Boutique,2,12.00,24.00
2026-09-08,Tote bag,Accessoires,Occitanie,Site web,2,8.50,17.00
2026-09-09,Tote bag,Accessoires,Bretagne,Boutique,8,8.50,68.00
2026-09-09,Mug ceramique,Maison,Centre-Val de Loire,Site web,6,11.90,71.40
2026-09-09,Chaussettes,Vetements,Ile-de-France,Site web,2,7.50,15.00
2026-09-09,Gourde inox,Accessoires,Ile-de-France,Boutique,6,12.00,72.00
2026-09-09,Poster A2,Maison,Ile-de-France,Site web,8,9.90,79.20
2026-09-09,Poster A2,Maison,Provence-Alpes-Cote d'Azur,Site web,6,9.90,59.40
2026-09-10,Tote bag,Accessoires,Auvergne-Rhone-Alpes,Site web,6,8.50,51.00
2026-09-10,Gourde inox,Accessoires,Grand Est,Boutique,7,12.00,84.00
2026-09-10,T-shirt logo,Vetements,Grand Est,Site web,8,19.90,159.20
2026-09-10,Mug ceramique,Maison,Hauts-de-France,Boutique,3,11.90,35.70
2026-09-10,T-shirt logo,Vetements,Hauts-de-France,Boutique,2,19.90,39.80
2026-09-10,Casquette,Accessoires,Ile-de-France,Site web,8,14.50,116.00
2026-09-10,Poster A2,Maison,Normandie,Site web,2,9.90,19.80
2026-09-10,Sweat a capuche,Vetements,Nouvelle-Aquitaine,Site web,3,39.90,119.70
2026-09-10,Chaussettes,Vetements,Occitanie,Boutique,8,7.50,60.00
2026-09-10,Sweat a capuche,Vetements,Occitanie,Boutique,9,39.90,359.10
2026-09-11,T-shirt logo,Vetements,Occitanie,Boutique,8,19.90,159.20
2026-09-11,Mug ceramique,Maison,Pays-de-la-Loire,Boutique,3,11.90,35.70
2026-09-11,Tote bag,Accessoires,Pays-de-la-Loire,Boutique,2,8.50,17.00
2026-09-11,Carnet A5,Papeterie,Provence-Alpes-Cote d'Azur,Boutique,6,6.90,41.40
2026-09-12,Poster A2,Maison,Bretagne,Site web,4,9.90,39.60
2026-09-12,Poster A2,Maison,Bretagne,Boutique,8,9.90,79.20
2026-09-12,Carnet A5,Papeterie,Grand Est,Boutique,7,6.90,48.30
2026-09-12,Sweat a capuche,Vetements,Grand Est,Boutique,4,39.90,159.60
2026-09-12,T-shirt logo,Vetements,Hauts-de-France,Site web,7,19.90,139.30
2026-09-12,Casquette,Accessoires,Ile-de-France,Site web,1,14.50,14.50
2026-09-13,Tote bag,Accessoires,Auvergne-Rhone-Alpes,Boutique,9,8.50,76.50
2026-09-13,Poster A2,Maison,Bourgogne-Franche-Comte,Site web,4,9.90,39.60
2026-09-13,Mug ceramique,Maison,Centre-Val de Loire,Boutique,5,11.90,59.50
2026-09-13,Carnet A5,Papeterie,Ile-de-France,Boutique,3,6.90,20.70
2026-09-13,Carnet A5,Papeterie,Ile-de-France,Site web,2,6.90,13.80
2026-09-13,Sweat a capuche,Vetements,Ile-de-France,Boutique,9,39.90,359.10
2026-09-13,Tote bag,Accessoires,Pays-de-la-Loire,Boutique,3,8.50,25.50
2026-09-14,Carnet A5,Papeterie,Auvergne-Rhone-Alpes,Site web,1,6.90,6.90
2026-09-14,Carnet A5,Papeterie,Grand Est,Boutique,4,6.90,27.60
2026-09-14,Chaussettes,Vetements,Hauts-de-France,Site web,3,7.50,22.50
2026-09-14,T-shirt logo,Vetements,Normandie,Boutique,5,19.90,99.50
2026-09-15,Poster A2,Maison,Bretagne,Site web,8,9.90,79.20
2026-09-15,Stylo gel,Papeterie,Centre-Val de Loire,Boutique,5,2.50,12.50
2026-09-15,Carnet A5,Papeterie,Hauts-de-France,Site web,5,6.90,34.50
2026-09-15,Gourde inox,Accessoires,Occitanie,Site web,5,12.00,60.00
2026-09-15,Tote bag,Accessoires,Occitanie,Site web,8,8.50,68.00
2026-09-15,Mug ceramique,Maison,Provence-Alpes-Cote d'Azur,Site web,7,11.90,83.30
2026-09-15,Sweat a capuche,Vetements,Provence-Alpes-Cote d'Azur,Site web,5,39.90,199.50
2026-09-15,Tote bag,Accessoires,Provence-Alpes-Cote d'Azur,Site web,5,8.50,42.50
2026-09-16,Gourde inox,Accessoires,Bourgogne-Franche-Comte,Site web,6,12.00,72.00
2026-09-16,Casquette,Accessoires,Bretagne,Site web,7,14.50,101.50
2026-09-16,Mug ceramique,Maison,Bretagne,Site web,7,11.90,83.30
2026-09-16,Gourde inox,Accessoires,Hauts-de-France,Boutique,6,12.00,72.00
2026-09-16,Mug ceramique,Maison,Normandie,Boutique,5,11.90,59.50
2026-09-16,Gourde inox,Accessoires,Nouvelle-Aquitaine,Site web,7,12.00,84.00
2026-09-16,Casquette,Accessoires,Occitanie,Site web,3,14.50,43.50
2026-09-16,T-shirt logo,Vetements,Occitanie,Boutique,1,19.90,19.90
2026-09-16,Chaussettes,Vetements,Pays-de-la-Loire,Site web,3,7.50,22.50
2026-09-16,Chaussettes,Vetements,Pays-de-la-Loire,Boutique,3,7.50,22.50
2026-09-17,Poster A2,Maison,Bretagne,Site web,8,9.90,79.20
2026-09-17,Poster A2,Maison,Bretagne,Site web,6,9.90,59.40
2026-09-17,T-shirt logo,Vetements,Bretagne,Site web,6,19.90,119.40
2026-09-17,Stylo gel,Papeterie,Centre-Val de Loire,Boutique,4,2.50,10.00
2026-09-17,Poster A2,Maison,Grand Est,Boutique,4,9.90,39.60
2026-09-17,Sweat a capuche,Vetements,Hauts-de-France,Site web,6,39.90,239.40
2026-09-17,Mug ceramique,Maison,Ile-de-France,Boutique,3,11.90,35.70
2026-09-17,Casquette,Accessoires,Normandie,Boutique,8,14.50,116.00
2026-09-17,Gourde inox,Accessoires,Nouvelle-Aquitaine,Boutique,5,12.00,60.00
2026-09-17,Chaussettes,Vetements,Occitanie,Boutique,7,7.50,52.50
2026-09-17,Casquette,Accessoires,Provence-Alpes-Cote d'Azur,Site web,7,14.50,101.50
2026-09-18,Mug ceramique,Maison,Grand Est,Boutique,8,11.90,95.20
2026-09-18,Chaussettes,Vetements,Normandie,Site web,5,7.50,37.50
2026-09-18,Tote bag,Accessoires,Provence-Alpes-Cote d'Azur,Boutique,1,8.50,8.50
2026-09-19,Casquette,Accessoires,Bretagne,Site web,9,14.50,130.50
2026-09-19,Mug ceramique,Maison,Bretagne,Site web,4,11.90,47.60
2026-09-19,Carnet A5,Papeterie,Centre-Val de Loire,Boutique,2,6.90,13.80
2026-09-19,Chaussettes,Vetements,Normandie,Site web,6,7.50,45.00
2026-09-20,Chaussettes,Vetements,Centre-Val de Loire,Boutique,7,7.50,52.50
2026-09-20,Tote bag,Accessoires,Occitanie,Boutique,8,8.50,68.00
2026-09-21,Carnet A5,Papeterie,Auvergne-Rhone-Alpes,Site web,4,6.90,27.60
2026-09-21,Gourde inox,Accessoires,Bretagne,Site web,2,12.00,24.00
2026-09-21,Stylo gel,Papeterie,Centre-Val de Loire,Boutique,6,2.50,15.00
2026-09-21,T-shirt logo,Vetements,Centre-Val de Loire,Boutique,9,19.90,179.10
2026-09-21,T-shirt logo,Vetements,Occitanie,Site web,6,19.90,119.40
2026-09-22,Sweat a capuche,Vetements,Bourgogne-Franche-Comte,Site web,3,39.90,119.70
2026-09-22,Carnet A5,Papeterie,Bretagne,Site web,6,6.90,41.40
2026-09-22,Chaussettes,Vetements,Pays-de-la-Loire,Site web,4,7.50,30.00
2026-09-22,Mug ceramique,Maison,Provence-Alpes-Cote d'Azur,Boutique,3,11.90,35.70
2026-09-23,Carnet A5,Papeterie,Auvergne-Rhone-Alpes,Boutique,8,6.90,55.20
2026-09-23,Tote bag,Accessoires,Auvergne-Rhone-Alpes,Site web,7,8.50,59.50
2026-09-23,Mug ceramique,Maison,Grand Est,Site web,9,11.90,107.10
2026-09-23,Sweat a capuche,Vetements,Grand Est,Site web,4,39.90,159.60
2026-09-23,Mug ceramique,Maison,Ile-de-France,Boutique,3,11.90,35.70
2026-09-23,Mug ceramique,Maison,Ile-de-France,Site web,8,11.90,95.20
2026-09-24,Sweat a capuche,Vetements,Auvergne-Rhone-Alpes,Site web,1,39.90,39.90
2026-09-24,Chaussettes,Vetements,Centre-Val de Loire,Boutique,2,7.50,15.00
2026-09-24,Gourde inox,Accessoires,Grand Est,Site web,3,12.00,36.00
2026-09-24,Poster A2,Maison,Grand Est,Site web,1,9.90,9.90
2026-09-24,Chaussettes,Vetements,Hauts-de-France,Site web,4,7.50,30.00
2026-09-24,T-shirt logo,Vetements,Ile-de-France,Site web,7,19.90,139.30
2026-09-24,Stylo gel,Papeterie,Normandie,Boutique,2,2.50,5.00
2026-09-24,Tote bag,Accessoires,Nouvelle-Aquitaine,Site web,1,8.50,8.50
2026-09-25,Stylo gel,Papeterie,Bretagne,Site web,2,2.50,5.00
2026-09-25,Tote bag,Accessoires,Bretagne,Boutique,4,8.50,34.00
2026-09-25,Mug ceramique,Maison,Pays-de-la-Loire,Site web,1,11.90,11.90
2026-09-26,Mug ceramique,Maison,Grand Est,Site web,5,11.90,59.50
2026-09-26,Sweat a capuche,Vetements,Occitanie,Boutique,8,39.90,319.20
2026-09-27,Carnet A5,Papeterie,Auvergne-Rhone-Alpes,Site web,7,6.90,48.30
2026-09-27,Chaussettes,Vetements,Ile-de-France,Boutique,3,7.50,22.50
2026-09-27,Mug ceramique,Maison,Ile-de-France,Boutique,7,11.90,83.30
2026-09-27,Stylo gel,Papeterie,Normandie,Boutique,3,2.50,7.50
2026-09-27,Sweat a capuche,Vetements,Normandie,Site web,6,39.90,239.40
2026-09-27,Poster A2,Maison,Nouvelle-Aquitaine,Site web,3,9.90,29.70
2026-09-27,Puzzle 100 pieces,Jouet,Pays-de-la-Loire,Site web,8,6.90,55.20
2026-09-28,Stylo gel,Papeterie,Bourgogne-Franche-Comte,Site web,4,2.50,10.00
2026-09-28,Mug ceramique,Maison,Bretagne,Site web,2,11.90,23.80
2026-09-28,Chaussettes,Vetements,Normandie,Boutique,3,7.50,22.50
2026-09-28,Mug ceramique,Maison,Pays-de-la-Loire,Site web,2,11.90,23.80
2026-09-29,Carnet A5,Papeterie,Bourgogne-Franche-Comte,Boutique,3,6.90,20.70
2026-09-29,T-shirt logo,Vetements,Grand Est,Site web,5,19.90,99.50
2026-09-29,Poster A2,Maison,Normandie,Boutique,5,9.90,49.50
2026-09-29,Tote bag,Accessoires,Occitanie,Boutique,3,8.50,25.50
